101,101,x
0,0,u
0,1,b
0,2,u
0,3,u
0,4,u
0,5,u
0,6,u
0,7,b
0,8,u
0,9,b
0,10,u
0,11,u
0,12,b
0,13,u
0,14,u
0,15,b
0,16,b
0,17,b
0,18,u
0,19,u
0,20,b
0,21,u
0,22,u
0,23,u
0,24,b
0,25,b
0,26,u
0,27,u
0,28,u
0,29,u
0,30,b
0,31,u
0,32,u
0,33,b
0,34,b
0,35,u
0,36,u
0,37,u
0,38,u
0,39,u
0,40,b
0,41,u
0,42,b
0,43,b
0,44,u
0,45,u
0,46,u
0,47,b
0,48,b
0,49,b
0,50,u
0,51,u
0,52,u
0,53,b
0,54,b
0,55,u
0,56,u
0,57,u
0,58,u
0,59,u
0,60,u
0,61,b
0,62,b
0,63,b
0,64,u
0,65,b
0,66,b
0,67,u
0,68,u
0,69,u
0,70,b
0,71,u
0,72,b
0,73,u
0,74,u
0,75,b
0,76,b
0,77,u
0,78,u
0,79,u
0,80,u
0,81,u
0,82,u
0,83,u
0,84,u
0,85,b
0,86,b
0,87,u
0,88,u
0,89,u
0,90,u
0,91,u
0,92,b
0,93,u
0,94,u
0,95,u
0,96,u
0,97,u
0,98,u
0,99,b
0,100,u
1,0,b
1,1,u
1,2,u
1,3,u
1,4,u
1,5,b
1,6,u
1,7,u
1,8,u
1,9,u
1,10,u
1,11,b
1,12,u
1,13,u
1,14,u
1,15,b
1,16,b
1,17,b
1,18,u
1,19,b
1,20,u
1,21,u
1,22,u
1,23,u
1,24,b
1,25,b
1,26,u
1,27,u
1,28,u
1,29,b
1,30,b
1,31,u
1,32,u
1,33,u
1,34,u
1,35,b
1,36,u
1,37,u
1,38,u
1,39,u
1,40,b
1,41,u
1,42,u
1,43,u
1,44,u
1,45,u
1,46,u
1,47,b
1,48,u
1,49,u
1,50,u
1,51,u
1,52,u
1,53,u
1,54,b
1,55,b
1,56,u
1,57,u
1,58,b
1,59,u
1,60,b
1,61,u
1,62,u
1,63,u
1,64,b
1,65,u
1,66,b
1,67,u
1,68,u
1,69,b
1,70,u
1,71,u
1,72,u
1,73,u
1,74,b
1,75,u
1,76,b
1,77,b
1,78,b
1,79,b
1,80,u
1,81,u
1,82,b
1,83,u
1,84,b
1,85,u
1,86,u
1,87,u
1,88,u
1,89,u
1,90,u
1,91,u
1,92,u
1,93,b
1,94,b
1,95,b
1,96,b
1,97,u
1,98,b
1,99,u
1,100,u
2,0,u
2,1,u
2,2,b
2,3,u
2,4,b
2,5,u
2,6,u
2,7,b
2,8,u
2,9,b
2,10,u
2,11,u
2,12,u
2,13,b
2,14,u
2,15,u
2,16,b
2,17,b
2,18,u
2,19,u
2,20,u
2,21,u
2,22,u
2,23,u
2,24,b
2,25,u
2,26,u
2,27,u
2,28,u
2,29,u
2,30,u
2,31,b
2,32,b
2,33,u
2,34,b
2,35,b
2,36,u
2,37,u
2,38,u
2,39,b
2,40,b
2,41,u
2,42,u
2,43,u
2,44,u
2,45,u
2,46,b
2,47,b
2,48,u
2,49,u
2,50,u
2,51,u
2,52,u
2,53,u
2,54,u
2,55,u
2,56,b
2,57,b
2,58,b
2,59,b
2,60,b
2,61,u
2,62,u
2,63,u
2,64,u
2,65,u
2,66,b
2,67,u
2,68,u
2,69,u
2,70,u
2,71,u
2,72,u
2,73,b
2,74,u
2,75,b
2,76,u
2,77,b
2,78,u
2,79,u
2,80,u
2,81,b
2,82,u
2,83,u
2,84,u
2,85,u
2,86,u
2,87,u
2,88,u
2,89,b
2,90,b
2,91,u
2,92,u
2,93,u
2,94,b
2,95,b
2,96,u
2,97,u
2,98,u
2,99,u
2,100,u
3,0,u
3,1,u
3,2,u
3,3,b
3,4,b
3,5,u
3,6,u
3,7,b
3,8,u
3,9,u
3,10,u
3,11,u
3,12,b
3,13,u
3,14,u
3,15,u
3,16,u
3,17,u
3,18,u
3,19,u
3,20,u
3,21,b
3,22,u
3,23,b
3,24,u
3,25,u
3,26,u
3,27,u
3,28,b
3,29,u
3,30,b
3,31,u
3,32,b
3,33,u
3,34,u
3,35,u
3,36,u
3,37,u
3,38,u
3,39,b
3,40,u
3,41,u
3,42,b
3,43,u
3,44,u
3,45,b
3,46,u
3,47,u
3,48,b
3,49,u
3,50,u
3,51,u
3,52,b
3,53,u
3,54,u
3,55,b
3,56,u
3,57,u
3,58,b
3,59,b
3,60,b
3,61,b
3,62,u
3,63,u
3,64,u
3,65,b
3,66,u
3,67,u
3,68,u
3,69,b
3,70,u
3,71,b
3,72,u
3,73,u
3,74,u
3,75,u
3,76,u
3,77,u
3,78,u
3,79,u
3,80,u
3,81,u
3,82,u
3,83,b
3,84,b
3,85,u
3,86,b
3,87,u
3,88,u
3,89,u
3,90,u
3,91,u
3,92,b
3,93,u
3,94,b
3,95,b
3,96,b
3,97,u
3,98,u
3,99,u
3,100,u
4,0,u
4,1,b
4,2,b
4,3,b
4,4,b
4,5,u
4,6,u
4,7,b
4,8,u
4,9,b
4,10,u
4,11,u
4,12,b
4,13,u
4,14,b
4,15,b
4,16,b
4,17,u
4,18,u
4,19,u
4,20,b
4,21,b
4,22,u
4,23,u
4,24,u
4,25,b
4,26,u
4,27,b
4,28,u
4,29,u
4,30,u
4,31,u
4,32,u
4,33,u
4,34,u
4,35,u
4,36,u
4,37,u
4,38,b
4,39,u
4,40,u
4,41,u
4,42,u
4,43,u
4,44,b
4,45,u
4,46,b
4,47,u
4,48,u
4,49,b
4,50,u
4,51,u
4,52,u
4,53,u
4,54,u
4,55,u
4,56,u
4,57,u
4,58,b
4,59,u
4,60,u
4,61,b
4,62,u
4,63,b
4,64,u
4,65,u
4,66,u
4,67,u
4,68,u
4,69,u
4,70,u
4,71,u
4,72,b
4,73,b
4,74,u
4,75,u
4,76,u
4,77,b
4,78,u
4,79,b
4,80,u
4,81,b
4,82,u
4,83,u
4,84,u
4,85,u
4,86,u
4,87,u
4,88,b
4,89,u
4,90,b
4,91,b
4,92,u
4,93,u
4,94,u
4,95,u
4,96,u
4,97,u
4,98,b
4,99,u
4,100,b
5,0,u
5,1,b
5,2,b
5,3,u
5,4,u
5,5,u
5,6,b
5,7,u
5,8,u
5,9,u
5,10,b
5,11,u
5,12,u
5,13,b
5,14,b
5,15,b
5,16,u
5,17,b
5,18,b
5,19,u
5,20,b
5,21,b
5,22,u
5,23,u
5,24,b
5,25,u
5,26,u
5,27,b
5,28,u
5,29,u
5,30,b
5,31,b
5,32,u
5,33,u
5,34,b
5,35,b
5,36,u
5,37,u
5,38,b
5,39,u
5,40,u
5,41,u
5,42,u
5,43,u
5,44,u
5,45,b
5,46,b
5,47,u
5,48,u
5,49,u
5,50,u
5,51,u
5,52,b
5,53,b
5,54,u
5,55,u
5,56,u
5,57,b
5,58,u
5,59,u
5,60,u
5,61,b
5,62,b
5,63,u
5,64,b
5,65,u
5,66,u
5,67,u
5,68,u
5,69,u
5,70,u
5,71,b
5,72,b
5,73,u
5,74,b
5,75,b
5,76,b
5,77,b
5,78,u
5,79,u
5,80,u
5,81,b
5,82,b
5,83,b
5,84,u
5,85,u
5,86,b
5,87,u
5,88,u
5,89,u
5,90,u
5,91,u
5,92,u
5,93,u
5,94,u
5,95,u
5,96,u
5,97,u
5,98,u
5,99,b
5,100,u
6,0,b
6,1,u
6,2,u
6,3,u
6,4,u
6,5,u
6,6,u
6,7,u
6,8,u
6,9,b
6,10,u
6,11,u
6,12,u
6,13,u
6,14,u
6,15,b
6,16,u
6,17,b
6,18,u
6,19,b
6,20,u
6,21,u
6,22,u
6,23,u
6,24,u
6,25,b
6,26,u
6,27,b
6,28,u
6,29,u
6,30,u
6,31,u
6,32,u
6,33,b
6,34,b
6,35,u
6,36,u
6,37,u
6,38,u
6,39,b
6,40,u
6,41,u
6,42,u
6,43,b
6,44,b
6,45,b
6,46,u
6,47,u
6,48,u
6,49,u
6,50,u
6,51,b
6,52,b
6,53,b
6,54,b
6,55,b
6,56,u
6,57,u
6,58,b
6,59,u
6,60,u
6,61,u
6,62,b
6,63,b
6,64,u
6,65,u
6,66,u
6,67,u
6,68,b
6,69,u
6,70,b
6,71,u
6,72,u
6,73,u
6,74,b
6,75,u
6,76,u
6,77,u
6,78,b
6,79,u
6,80,u
6,81,u
6,82,b
6,83,u
6,84,u
6,85,b
6,86,b
6,87,u
6,88,u
6,89,u
6,90,u
6,91,u
6,92,u
6,93,u
6,94,u
6,95,b
6,96,u
6,97,u
6,98,u
6,99,u
6,100,u
7,0,u
7,1,u
7,2,b
7,3,b
7,4,b
7,5,b
7,6,u
7,7,u
7,8,b
7,9,u
7,10,u
7,11,u
7,12,u
7,13,b
7,14,b
7,15,u
7,16,u
7,17,u
7,18,u
7,19,u
7,20,u
7,21,u
7,22,u
7,23,u
7,24,u
7,25,u
7,26,u
7,27,u
7,28,b
7,29,u
7,30,u
7,31,u
7,32,u
7,33,b
7,34,b
7,35,u
7,36,b
7,37,u
7,38,b
7,39,u
7,40,u
7,41,u
7,42,b
7,43,u
7,44,u
7,45,b
7,46,b
7,47,u
7,48,b
7,49,u
7,50,u
7,51,u
7,52,u
7,53,b
7,54,u
7,55,u
7,56,b
7,57,u
7,58,b
7,59,u
7,60,b
7,61,u
7,62,u
7,63,u
7,64,u
7,65,u
7,66,u
7,67,b
7,68,b
7,69,u
7,70,u
7,71,b
7,72,b
7,73,u
7,74,u
7,75,u
7,76,b
7,77,u
7,78,u
7,79,u
7,80,u
7,81,u
7,82,u
7,83,u
7,84,b
7,85,u
7,86,b
7,87,u
7,88,u
7,89,u
7,90,u
7,91,b
7,92,u
7,93,u
7,94,b
7,95,b
7,96,u
7,97,u
7,98,b
7,99,b
7,100,u
8,0,u
8,1,u
8,2,u
8,3,b
8,4,u
8,5,u
8,6,b
8,7,u
8,8,b
8,9,u
8,10,u
8,11,u
8,12,u
8,13,u
8,14,u
8,15,b
8,16,u
8,17,u
8,18,u
8,19,u
8,20,u
8,21,u
8,22,u
8,23,b
8,24,b
8,25,b
8,26,u
8,27,u
8,28,u
8,29,u
8,30,u
8,31,b
8,32,u
8,33,b
8,34,b
8,35,b
8,36,u
8,37,b
8,38,u
8,39,u
8,40,b
8,41,u
8,42,u
8,43,u
8,44,b
8,45,u
8,46,u
8,47,b
8,48,u
8,49,u
8,50,b
8,51,u
8,52,u
8,53,u
8,54,b
8,55,u
8,56,u
8,57,u
8,58,b
8,59,u
8,60,u
8,61,u
8,62,u
8,63,u
8,64,u
8,65,b
8,66,u
8,67,u
8,68,u
8,69,u
8,70,b
8,71,b
8,72,u
8,73,u
8,74,u
8,75,u
8,76,b
8,77,u
8,78,u
8,79,u
8,80,u
8,81,b
8,82,u
8,83,b
8,84,u
8,85,u
8,86,u
8,87,u
8,88,u
8,89,u
8,90,u
8,91,b
8,92,u
8,93,u
8,94,u
8,95,u
8,96,u
8,97,u
8,98,u
8,99,u
8,100,u
9,0,u
9,1,b
9,2,u
9,3,u
9,4,u
9,5,u
9,6,u
9,7,b
9,8,b
9,9,u
9,10,b
9,11,b
9,12,u
9,13,u
9,14,b
9,15,u
9,16,u
9,17,u
9,18,b
9,19,u
9,20,b
9,21,b
9,22,b
9,23,u
9,24,u
9,25,u
9,26,u
9,27,u
9,28,b
9,29,u
9,30,u
9,31,b
9,32,u
9,33,u
9,34,u
9,35,b
9,36,u
9,37,u
9,38,u
9,39,b
9,40,u
9,41,b
9,42,u
9,43,u
9,44,u
9,45,u
9,46,b
9,47,b
9,48,u
9,49,b
9,50,b
9,51,b
9,52,u
9,53,u
9,54,u
9,55,b
9,56,u
9,57,u
9,58,b
9,59,b
9,60,u
9,61,b
9,62,b
9,63,u
9,64,u
9,65,b
9,66,b
9,67,u
9,68,u
9,69,u
9,70,u
9,71,b
9,72,b
9,73,u
9,74,b
9,75,u
9,76,u
9,77,u
9,78,u
9,79,b
9,80,u
9,81,u
9,82,b
9,83,u
9,84,b
9,85,u
9,86,u
9,87,b
9,88,b
9,89,u
9,90,b
9,91,u
9,92,u
9,93,b
9,94,u
9,95,u
9,96,u
9,97,b
9,98,u
9,99,u
9,100,b
10,0,u
10,1,b
10,2,u
10,3,u
10,4,b
10,5,u
10,6,u
10,7,b
10,8,b
10,9,u
10,10,u
10,11,u
10,12,b
10,13,u
10,14,b
10,15,b
10,16,b
10,17,u
10,18,b
10,19,u
10,20,u
10,21,u
10,22,u
10,23,u
10,24,u
10,25,u
10,26,u
10,27,u
10,28,b
10,29,u
10,30,u
10,31,u
10,32,u
10,33,b
10,34,u
10,35,u
10,36,u
10,37,u
10,38,u
10,39,u
10,40,u
10,41,u
10,42,b
10,43,u
10,44,u
10,45,u
10,46,u
10,47,u
10,48,u
10,49,u
10,50,u
10,51,b
10,52,u
10,53,u
10,54,b
10,55,b
10,56,u
10,57,u
10,58,u
10,59,b
10,60,u
10,61,b
10,62,u
10,63,u
10,64,u
10,65,u
10,66,u
10,67,b
10,68,b
10,69,b
10,70,u
10,71,b
10,72,u
10,73,b
10,74,b
10,75,b
10,76,b
10,77,b
10,78,u
10,79,b
10,80,u
10,81,b
10,82,u
10,83,u
10,84,u
10,85,b
10,86,u
10,87,b
10,88,u
10,89,b
10,90,b
10,91,b
10,92,u
10,93,b
10,94,b
10,95,u
10,96,u
10,97,u
10,98,b
10,99,u
10,100,u
11,0,u
11,1,u
11,2,u
11,3,u
11,4,b
11,5,u
11,6,u
11,7,b
11,8,b
11,9,u
11,10,u
11,11,u
11,12,u
11,13,u
11,14,u
11,15,u
11,16,u
11,17,u
11,18,u
11,19,u
11,20,b
11,21,b
11,22,u
11,23,u
11,24,u
11,25,u
11,26,u
11,27,b
11,28,b
11,29,b
11,30,b
11,31,b
11,32,u
11,33,b
11,34,u
11,35,b
11,36,u
11,37,b
11,38,b
11,39,u
11,40,u
11,41,b
11,42,u
11,43,b
11,44,u
11,45,u
11,46,u
11,47,u
11,48,u
11,49,b
11,50,u
11,51,u
11,52,b
11,53,u
11,54,b
11,55,b
11,56,u
11,57,u
11,58,u
11,59,u
11,60,u
11,61,u
11,62,u
11,63,u
11,64,u
11,65,b
11,66,u
11,67,b
11,68,u
11,69,u
11,70,b
11,71,b
11,72,u
11,73,u
11,74,u
11,75,u
11,76,u
11,77,u
11,78,u
11,79,u
11,80,u
11,81,u
11,82,b
11,83,u
11,84,b
11,85,u
11,86,u
11,87,u
11,88,u
11,89,u
11,90,u
11,91,u
11,92,b
11,93,u
11,94,u
11,95,u
11,96,u
11,97,u
11,98,u
11,99,u
11,100,u
12,0,u
12,1,b
12,2,b
12,3,u
12,4,b
12,5,u
12,6,u
12,7,b
12,8,u
12,9,u
12,10,b
12,11,u
12,12,u
12,13,u
12,14,u
12,15,u
12,16,u
12,17,u
12,18,u
12,19,b
12,20,b
12,21,u
12,22,u
12,23,u
12,24,u
12,25,u
12,26,u
12,27,u
12,28,u
12,29,u
12,30,u
12,31,u
12,32,u
12,33,u
12,34,b
12,35,b
12,36,u
12,37,u
12,38,u
12,39,u
12,40,u
12,41,u
12,42,u
12,43,b
12,44,b
12,45,u
12,46,u
12,47,u
12,48,u
12,49,u
12,50,u
12,51,u
12,52,u
12,53,u
12,54,u
12,55,u
12,56,u
12,57,b
12,58,b
12,59,u
12,60,u
12,61,u
12,62,u
12,63,u
12,64,u
12,65,u
12,66,u
12,67,u
12,68,u
12,69,u
12,70,u
12,71,u
12,72,u
12,73,u
12,74,u
12,75,u
12,76,b
12,77,u
12,78,u
12,79,u
12,80,u
12,81,u
12,82,b
12,83,u
12,84,b
12,85,u
12,86,u
12,87,b
12,88,b
12,89,u
12,90,u
12,91,u
12,92,u
12,93,b
12,94,u
12,95,u
12,96,u
12,97,u
12,98,u
12,99,u
12,100,u
13,0,b
13,1,u
13,2,u
13,3,u
13,4,u
13,5,b
13,6,u
13,7,b
13,8,u
13,9,b
13,10,u
13,11,u
13,12,u
13,13,b
13,14,u
13,15,u
13,16,u
13,17,u
13,18,u
13,19,u
13,20,u
13,21,u
13,22,u
13,23,u
13,24,u
13,25,u
13,26,b
13,27,u
13,28,u
13,29,u
13,30,b
13,31,u
13,32,u
13,33,u
13,34,b
13,35,b
13,36,u
13,37,u
13,38,u
13,39,u
13,40,u
13,41,u
13,42,b
13,43,b
13,44,u
13,45,b
13,46,u
13,47,u
13,48,b
13,49,b
13,50,b
13,51,b
13,52,b
13,53,u
13,54,u
13,55,b
13,56,u
13,57,b
13,58,u
13,59,u
13,60,u
13,61,u
13,62,u
13,63,b
13,64,u
13,65,u
13,66,u
13,67,u
13,68,u
13,69,u
13,70,u
13,71,b
13,72,b
13,73,u
13,74,b
13,75,u
13,76,u
13,77,b
13,78,u
13,79,u
13,80,u
13,81,b
13,82,u
13,83,u
13,84,u
13,85,b
13,86,u
13,87,u
13,88,b
13,89,u
13,90,u
13,91,u
13,92,u
13,93,u
13,94,u
13,95,b
13,96,u
13,97,u
13,98,u
13,99,u
13,100,u
14,0,b
14,1,u
14,2,u
14,3,b
14,4,u
14,5,u
14,6,u
14,7,u
14,8,u
14,9,b
14,10,u
14,11,u
14,12,u
14,13,u
14,14,u
14,15,u
14,16,u
14,17,b
14,18,b
14,19,b
14,20,b
14,21,u
14,22,u
14,23,b
14,24,u
14,25,u
14,26,u
14,27,u
14,28,u
14,29,u
14,30,b
14,31,b
14,32,u
14,33,b
14,34,u
14,35,b
14,36,u
14,37,u
14,38,b
14,39,u
14,40,u
14,41,u
14,42,u
14,43,b
14,44,u
14,45,u
14,46,u
14,47,u
14,48,u
14,49,u
14,50,u
14,51,u
14,52,b
14,53,u
14,54,u
14,55,u
14,56,u
14,57,u
14,58,u
14,59,b
14,60,u
14,61,u
14,62,b
14,63,u
14,64,u
14,65,b
14,66,u
14,67,u
14,68,u
14,69,u
14,70,b
14,71,u
14,72,u
14,73,u
14,74,u
14,75,u
14,76,b
14,77,b
14,78,u
14,79,u
14,80,u
14,81,u
14,82,u
14,83,u
14,84,b
14,85,u
14,86,b
14,87,u
14,88,u
14,89,u
14,90,u
14,91,b
14,92,b
14,93,u
14,94,u
14,95,u
14,96,b
14,97,u
14,98,u
14,99,b
14,100,u
15,0,u
15,1,u
15,2,u
15,3,u
15,4,u
15,5,u
15,6,u
15,7,u
15,8,u
15,9,u
15,10,b
15,11,b
15,12,u
15,13,b
15,14,b
15,15,u
15,16,u
15,17,u
15,18,u
15,19,u
15,20,u
15,21,u
15,22,b
15,23,u
15,24,u
15,25,u
15,26,u
15,27,b
15,28,u
15,29,u
15,30,u
15,31,u
15,32,u
15,33,b
15,34,u
15,35,u
15,36,b
15,37,u
15,38,u
15,39,u
15,40,u
15,41,u
15,42,u
15,43,u
15,44,u
15,45,u
15,46,u
15,47,b
15,48,b
15,49,u
15,50,u
15,51,b
15,52,u
15,53,u
15,54,b
15,55,u
15,56,u
15,57,u
15,58,u
15,59,b
15,60,u
15,61,u
15,62,u
15,63,b
15,64,u
15,65,b
15,66,u
15,67,b
15,68,u
15,69,u
15,70,b
15,71,u
15,72,u
15,73,u
15,74,u
15,75,u
15,76,b
15,77,u
15,78,b
15,79,u
15,80,u
15,81,u
15,82,u
15,83,u
15,84,u
15,85,u
15,86,u
15,87,b
15,88,b
15,89,b
15,90,u
15,91,u
15,92,u
15,93,u
15,94,u
15,95,u
15,96,u
15,97,u
15,98,u
15,99,b
15,100,b
16,0,u
16,1,u
16,2,b
16,3,u
16,4,u
16,5,u
16,6,u
16,7,u
16,8,b
16,9,u
16,10,u
16,11,b
16,12,u
16,13,u
16,14,u
16,15,u
16,16,b
16,17,u
16,18,u
16,19,b
16,20,b
16,21,u
16,22,u
16,23,u
16,24,u
16,25,u
16,26,b
16,27,u
16,28,b
16,29,u
16,30,u
16,31,u
16,32,b
16,33,u
16,34,u
16,35,b
16,36,u
16,37,u
16,38,u
16,39,b
16,40,u
16,41,u
16,42,u
16,43,u
16,44,u
16,45,u
16,46,u
16,47,u
16,48,b
16,49,u
16,50,u
16,51,u
16,52,u
16,53,b
16,54,u
16,55,b
16,56,u
16,57,b
16,58,u
16,59,u
16,60,u
16,61,b
16,62,u
16,63,u
16,64,u
16,65,b
16,66,u
16,67,u
16,68,u
16,69,u
16,70,u
16,71,u
16,72,u
16,73,b
16,74,u
16,75,b
16,76,u
16,77,u
16,78,u
16,79,u
16,80,b
16,81,u
16,82,u
16,83,u
16,84,u
16,85,u
16,86,b
16,87,u
16,88,b
16,89,u
16,90,u
16,91,u
16,92,u
16,93,u
16,94,b
16,95,u
16,96,b
16,97,b
16,98,b
16,99,u
16,100,u
17,0,u
17,1,u
17,2,u
17,3,u
17,4,b
17,5,u
17,6,b
17,7,b
17,8,b
17,9,u
17,10,u
17,11,u
17,12,u
17,13,u
17,14,u
17,15,u
17,16,b
17,17,b
17,18,b
17,19,u
17,20,u
17,21,u
17,22,u
17,23,u
17,24,u
17,25,u
17,26,u
17,27,u
17,28,u
17,29,b
17,30,u
17,31,b
17,32,b
17,33,u
17,34,u
17,35,u
17,36,u
17,37,u
17,38,u
17,39,u
17,40,u
17,41,u
17,42,b
17,43,b
17,44,u
17,45,u
17,46,u
17,47,b
17,48,b
17,49,b
17,50,u
17,51,u
17,52,u
17,53,u
17,54,u
17,55,u
17,56,u
17,57,b
17,58,u
17,59,b
17,60,u
17,61,u
17,62,u
17,63,u
17,64,b
17,65,u
17,66,u
17,67,u
17,68,u
17,69,b
17,70,u
17,71,b
17,72,u
17,73,u
17,74,b
17,75,u
17,76,u
17,77,b
17,78,u
17,79,b
17,80,b
17,81,u
17,82,b
17,83,u
17,84,u
17,85,b
17,86,b
17,87,u
17,88,u
17,89,u
17,90,u
17,91,u
17,92,u
17,93,u
17,94,b
17,95,b
17,96,u
17,97,u
17,98,b
17,99,u
17,100,u
18,0,u
18,1,u
18,2,u
18,3,b
18,4,u
18,5,u
18,6,u
18,7,u
18,8,b
18,9,u
18,10,u
18,11,u
18,12,u
18,13,u
18,14,u
18,15,u
18,16,b
18,17,b
18,18,u
18,19,b
18,20,b
18,21,u
18,22,u
18,23,u
18,24,u
18,25,b
18,26,u
18,27,b
18,28,u
18,29,u
18,30,u
18,31,u
18,32,u
18,33,b
18,34,b
18,35,u
18,36,b
18,37,u
18,38,b
18,39,u
18,40,u
18,41,b
18,42,u
18,43,u
18,44,u
18,45,u
18,46,u
18,47,b
18,48,u
18,49,u
18,50,b
18,51,u
18,52,u
18,53,u
18,54,b
18,55,u
18,56,b
18,57,u
18,58,u
18,59,b
18,60,u
18,61,u
18,62,u
18,63,u
18,64,u
18,65,u
18,66,u
18,67,u
18,68,u
18,69,u
18,70,u
18,71,u
18,72,u
18,73,b
18,74,u
18,75,u
18,76,u
18,77,u
18,78,u
18,79,u
18,80,b
18,81,u
18,82,u
18,83,b
18,84,b
18,85,u
18,86,u
18,87,u
18,88,b
18,89,u
18,90,u
18,91,u
18,92,b
18,93,u
18,94,u
18,95,u
18,96,u
18,97,u
18,98,u
18,99,u
18,100,b
19,0,u
19,1,u
19,2,u
19,3,u
19,4,b
19,5,b
19,6,u
19,7,u
19,8,u
19,9,b
19,10,u
19,11,u
19,12,u
19,13,u
19,14,u
19,15,u
19,16,u
19,17,u
19,18,u
19,19,b
19,20,u
19,21,b
19,22,u
19,23,u
19,24,u
19,25,u
19,26,u
19,27,u
19,28,u
19,29,u
19,30,u
19,31,u
19,32,u
19,33,u
19,34,u
19,35,u
19,36,u
19,37,u
19,38,u
19,39,u
19,40,b
19,41,b
19,42,u
19,43,b
19,44,b
19,45,u
19,46,u
19,47,u
19,48,u
19,49,b
19,50,u
19,51,b
19,52,b
19,53,u
19,54,b
19,55,u
19,56,u
19,57,u
19,58,u
19,59,u
19,60,u
19,61,u
19,62,b
19,63,u
19,64,u
19,65,u
19,66,u
19,67,u
19,68,u
19,69,u
19,70,u
19,71,u
19,72,b
19,73,u
19,74,b
19,75,u
19,76,b
19,77,u
19,78,u
19,79,b
19,80,b
19,81,u
19,82,u
19,83,b
19,84,b
19,85,u
19,86,b
19,87,u
19,88,b
19,89,u
19,90,u
19,91,u
19,92,u
19,93,u
19,94,b
19,95,u
19,96,u
19,97,b
19,98,b
19,99,b
19,100,u
20,0,u
20,1,u
20,2,b
20,3,b
20,4,u
20,5,u
20,6,u
20,7,u
20,8,u
20,9,u
20,10,b
20,11,u
20,12,b
20,13,u
20,14,u
20,15,u
20,16,u
20,17,u
20,18,b
20,19,b
20,20,u
20,21,u
20,22,u
20,23,b
20,24,b
20,25,u
20,26,u
20,27,u
20,28,u
20,29,u
20,30,b
20,31,u
20,32,u
20,33,b
20,34,u
20,35,u
20,36,u
20,37,u
20,38,u
20,39,u
20,40,u
20,41,b
20,42,u
20,43,u
20,44,b
20,45,b
20,46,b
20,47,u
20,48,b
20,49,b
20,50,u
20,51,u
20,52,u
20,53,u
20,54,b
20,55,u
20,56,b
20,57,b
20,58,u
20,59,u
20,60,u
20,61,b
20,62,b
20,63,u
20,64,u
20,65,u
20,66,b
20,67,b
20,68,u
20,69,u
20,70,b
20,71,u
20,72,u
20,73,u
20,74,b
20,75,u
20,76,b
20,77,u
20,78,u
20,79,u
20,80,b
20,81,b
20,82,u
20,83,u
20,84,u
20,85,b
20,86,u
20,87,u
20,88,u
20,89,b
20,90,u
20,91,u
20,92,b
20,93,b
20,94,u
20,95,b
20,96,u
20,97,u
20,98,u
20,99,b
20,100,u
21,0,b
21,1,u
21,2,u
21,3,u
21,4,b
21,5,u
21,6,u
21,7,u
21,8,b
21,9,b
21,10,u
21,11,u
21,12,b
21,13,u
21,14,u
21,15,u
21,16,u
21,17,u
21,18,u
21,19,b
21,20,u
21,21,u
21,22,u
21,23,u
21,24,u
21,25,u
21,26,u
21,27,u
21,28,b
21,29,b
21,30,u
21,31,b
21,32,u
21,33,b
21,34,u
21,35,b
21,36,u
21,37,u
21,38,b
21,39,b
21,40,u
21,41,u
21,42,u
21,43,u
21,44,b
21,45,u
21,46,u
21,47,u
21,48,b
21,49,u
21,50,b
21,51,u
21,52,u
21,53,u
21,54,b
21,55,u
21,56,u
21,57,u
21,58,u
21,59,u
21,60,u
21,61,b
21,62,u
21,63,u
21,64,u
21,65,u
21,66,u
21,67,u
21,68,u
21,69,u
21,70,u
21,71,u
21,72,u
21,73,u
21,74,u
21,75,u
21,76,u
21,77,u
21,78,u
21,79,b
21,80,b
21,81,u
21,82,u
21,83,u
21,84,u
21,85,u
21,86,u
21,87,b
21,88,u
21,89,u
21,90,u
21,91,u
21,92,b
21,93,b
21,94,u
21,95,u
21,96,u
21,97,u
21,98,u
21,99,u
21,100,u
22,0,b
22,1,b
22,2,u
22,3,u
22,4,u
22,5,u
22,6,u
22,7,u
22,8,u
22,9,u
22,10,u
22,11,b
22,12,u
22,13,u
22,14,u
22,15,b
22,16,u
22,17,u
22,18,u
22,19,b
22,20,b
22,21,b
22,22,u
22,23,b
22,24,b
22,25,u
22,26,b
22,27,u
22,28,u
22,29,b
22,30,b
22,31,b
22,32,b
22,33,b
22,34,b
22,35,u
22,36,u
22,37,b
22,38,b
22,39,u
22,40,u
22,41,u
22,42,b
22,43,b
22,44,u
22,45,u
22,46,u
22,47,u
22,48,u
22,49,u
22,50,u
22,51,b
22,52,u
22,53,u
22,54,u
22,55,u
22,56,b
22,57,b
22,58,u
22,59,b
22,60,b
22,61,b
22,62,u
22,63,u
22,64,u
22,65,u
22,66,u
22,67,u
22,68,b
22,69,b
22,70,u
22,71,u
22,72,u
22,73,u
22,74,u
22,75,b
22,76,u
22,77,u
22,78,b
22,79,u
22,80,u
22,81,u
22,82,u
22,83,u
22,84,u
22,85,b
22,86,u
22,87,u
22,88,u
22,89,u
22,90,u
22,91,u
22,92,u
22,93,b
22,94,b
22,95,u
22,96,u
22,97,u
22,98,b
22,99,u
22,100,b
23,0,u
23,1,u
23,2,u
23,3,u
23,4,u
23,5,u
23,6,u
23,7,u
23,8,u
23,9,u
23,10,u
23,11,u
23,12,u
23,13,b
23,14,b
23,15,u
23,16,u
23,17,b
23,18,u
23,19,b
23,20,b
23,21,u
23,22,u
23,23,u
23,24,b
23,25,u
23,26,b
23,27,b
23,28,u
23,29,u
23,30,u
23,31,u
23,32,u
23,33,b
23,34,b
23,35,u
23,36,b
23,37,u
23,38,b
23,39,b
23,40,u
23,41,b
23,42,u
23,43,u
23,44,u
23,45,b
23,46,b
23,47,b
23,48,u
23,49,u
23,50,b
23,51,u
23,52,u
23,53,b
23,54,u
23,55,u
23,56,u
23,57,u
23,58,b
23,59,u
23,60,u
23,61,b
23,62,b
23,63,u
23,64,b
23,65,u
23,66,u
23,67,u
23,68,u
23,69,b
23,70,b
23,71,u
23,72,b
23,73,u
23,74,b
23,75,u
23,76,u
23,77,b
23,78,u
23,79,u
23,80,u
23,81,b
23,82,u
23,83,u
23,84,b
23,85,u
23,86,b
23,87,u
23,88,u
23,89,u
23,90,b
23,91,u
23,92,u
23,93,u
23,94,u
23,95,u
23,96,u
23,97,u
23,98,b
23,99,u
23,100,b
24,0,b
24,1,u
24,2,b
24,3,u
24,4,u
24,5,b
24,6,u
24,7,u
24,8,u
24,9,u
24,10,u
24,11,u
24,12,b
24,13,u
24,14,u
24,15,u
24,16,u
24,17,u
24,18,b
24,19,b
24,20,u
24,21,b
24,22,b
24,23,u
24,24,u
24,25,u
24,26,u
24,27,b
24,28,u
24,29,u
24,30,u
24,31,b
24,32,u
24,33,u
24,34,u
24,35,u
24,36,u
24,37,u
24,38,u
24,39,u
24,40,b
24,41,u
24,42,u
24,43,u
24,44,b
24,45,u
24,46,u
24,47,u
24,48,u
24,49,b
24,50,u
24,51,b
24,52,u
24,53,u
24,54,u
24,55,b
24,56,u
24,57,b
24,58,u
24,59,u
24,60,u
24,61,u
24,62,u
24,63,b
24,64,b
24,65,b
24,66,u
24,67,u
24,68,u
24,69,u
24,70,u
24,71,u
24,72,b
24,73,b
24,74,u
24,75,b
24,76,u
24,77,u
24,78,u
24,79,u
24,80,u
24,81,u
24,82,b
24,83,b
24,84,u
24,85,u
24,86,u
24,87,u
24,88,u
24,89,b
24,90,u
24,91,u
24,92,b
24,93,u
24,94,u
24,95,b
24,96,u
24,97,u
24,98,u
24,99,u
24,100,u
25,0,u
25,1,u
25,2,u
25,3,u
25,4,u
25,5,u
25,6,u
25,7,u
25,8,u
25,9,u
25,10,b
25,11,u
25,12,u
25,13,b
25,14,b
25,15,u
25,16,b
25,17,u
25,18,u
25,19,u
25,20,u
25,21,u
25,22,u
25,23,b
25,24,u
25,25,b
25,26,u
25,27,b
25,28,u
25,29,u
25,30,b
25,31,u
25,32,u
25,33,b
25,34,u
25,35,u
25,36,u
25,37,u
25,38,u
25,39,u
25,40,u
25,41,b
25,42,u
25,43,b
25,44,u
25,45,u
25,46,u
25,47,u
25,48,b
25,49,u
25,50,b
25,51,b
25,52,u
25,53,b
25,54,b
25,55,u
25,56,b
25,57,u
25,58,u
25,59,b
25,60,u
25,61,u
25,62,b
25,63,u
25,64,u
25,65,u
25,66,b
25,67,u
25,68,b
25,69,u
25,70,b
25,71,u
25,72,b
25,73,u
25,74,b
25,75,u
25,76,b
25,77,u
25,78,u
25,79,b
25,80,u
25,81,b
25,82,u
25,83,b
25,84,u
25,85,u
25,86,u
25,87,b
25,88,u
25,89,b
25,90,b
25,91,b
25,92,u
25,93,u
25,94,u
25,95,u
25,96,u
25,97,b
25,98,u
25,99,u
25,100,b
26,0,b
26,1,u
26,2,u
26,3,u
26,4,b
26,5,b
26,6,b
26,7,b
26,8,u
26,9,u
26,10,u
26,11,b
26,12,u
26,13,u
26,14,u
26,15,u
26,16,u
26,17,u
26,18,u
26,19,u
26,20,u
26,21,b
26,22,b
26,23,u
26,24,u
26,25,b
26,26,u
26,27,u
26,28,u
26,29,u
26,30,u
26,31,u
26,32,u
26,33,b
26,34,b
26,35,b
26,36,u
26,37,u
26,38,b
26,39,u
26,40,b
26,41,u
26,42,u
26,43,u
26,44,u
26,45,u
26,46,u
26,47,u
26,48,u
26,49,u
26,50,b
26,51,u
26,52,u
26,53,u
26,54,u
26,55,u
26,56,b
26,57,u
26,58,u
26,59,u
26,60,b
26,61,u
26,62,b
26,63,u
26,64,u
26,65,u
26,66,b
26,67,b
26,68,b
26,69,u
26,70,u
26,71,b
26,72,b
26,73,b
26,74,b
26,75,u
26,76,u
26,77,u
26,78,u
26,79,b
26,80,b
26,81,b
26,82,b
26,83,u
26,84,b
26,85,u
26,86,u
26,87,u
26,88,b
26,89,u
26,90,u
26,91,b
26,92,b
26,93,u
26,94,u
26,95,u
26,96,b
26,97,u
26,98,u
26,99,b
26,100,u
27,0,u
27,1,u
27,2,u
27,3,u
27,4,u
27,5,b
27,6,u
27,7,u
27,8,u
27,9,b
27,10,u
27,11,u
27,12,u
27,13,u
27,14,u
27,15,u
27,16,u
27,17,u
27,18,u
27,19,u
27,20,u
27,21,u
27,22,u
27,23,u
27,24,u
27,25,u
27,26,b
27,27,u
27,28,b
27,29,b
27,30,u
27,31,u
27,32,b
27,33,u
27,34,u
27,35,u
27,36,b
27,37,u
27,38,b
27,39,u
27,40,u
27,41,u
27,42,u
27,43,u
27,44,b
27,45,u
27,46,u
27,47,u
27,48,u
27,49,u
27,50,u
27,51,b
27,52,u
27,53,b
27,54,u
27,55,u
27,56,b
27,57,b
27,58,b
27,59,u
27,60,b
27,61,b
27,62,u
27,63,b
27,64,u
27,65,u
27,66,u
27,67,u
27,68,b
27,69,b
27,70,u
27,71,b
27,72,b
27,73,b
27,74,u
27,75,b
27,76,u
27,77,b
27,78,u
27,79,u
27,80,b
27,81,b
27,82,u
27,83,u
27,84,u
27,85,b
27,86,b
27,87,u
27,88,u
27,89,u
27,90,b
27,91,b
27,92,u
27,93,u
27,94,u
27,95,u
27,96,b
27,97,b
27,98,u
27,99,b
27,100,b
28,0,u
28,1,u
28,2,u
28,3,u
28,4,b
28,5,b
28,6,b
28,7,u
28,8,u
28,9,u
28,10,u
28,11,b
28,12,u
28,13,u
28,14,b
28,15,u
28,16,u
28,17,u
28,18,u
28,19,b
28,20,b
28,21,u
28,22,u
28,23,b
28,24,u
28,25,u
28,26,u
28,27,u
28,28,u
28,29,u
28,30,u
28,31,u
28,32,u
28,33,b
28,34,b
28,35,b
28,36,u
28,37,u
28,38,u
28,39,u
28,40,u
28,41,u
28,42,b
28,43,u
28,44,b
28,45,b
28,46,b
28,47,u
28,48,u
28,49,u
28,50,u
28,51,u
28,52,u
28,53,b
28,54,u
28,55,u
28,56,u
28,57,u
28,58,u
28,59,u
28,60,u
28,61,b
28,62,u
28,63,b
28,64,b
28,65,u
28,66,u
28,67,b
28,68,b
28,69,b
28,70,u
28,71,u
28,72,u
28,73,u
28,74,u
28,75,u
28,76,u
28,77,u
28,78,u
28,79,b
28,80,u
28,81,u
28,82,b
28,83,u
28,84,u
28,85,u
28,86,b
28,87,u
28,88,u
28,89,u
28,90,u
28,91,b
28,92,u
28,93,u
28,94,u
28,95,u
28,96,b
28,97,b
28,98,u
28,99,u
28,100,u
29,0,u
29,1,u
29,2,u
29,3,u
29,4,u
29,5,u
29,6,b
29,7,u
29,8,u
29,9,u
29,10,u
29,11,u
29,12,u
29,13,u
29,14,u
29,15,b
29,16,b
29,17,u
29,18,u
29,19,u
29,20,u
29,21,b
29,22,b
29,23,u
29,24,u
29,25,u
29,26,u
29,27,b
29,28,u
29,29,b
29,30,u
29,31,b
29,32,u
29,33,b
29,34,u
29,35,u
29,36,b
29,37,u
29,38,u
29,39,u
29,40,u
29,41,u
29,42,u
29,43,b
29,44,u
29,45,u
29,46,u
29,47,u
29,48,u
29,49,u
29,50,u
29,51,u
29,52,u
29,53,b
29,54,b
29,55,u
29,56,u
29,57,u
29,58,u
29,59,u
29,60,u
29,61,b
29,62,u
29,63,b
29,64,b
29,65,u
29,66,u
29,67,b
29,68,b
29,69,b
29,70,b
29,71,u
29,72,u
29,73,b
29,74,u
29,75,b
29,76,b
29,77,b
29,78,u
29,79,u
29,80,b
29,81,b
29,82,b
29,83,u
29,84,u
29,85,u
29,86,b
29,87,b
29,88,u
29,89,u
29,90,u
29,91,u
29,92,u
29,93,u
29,94,u
29,95,u
29,96,b
29,97,u
29,98,u
29,99,u
29,100,u
30,0,u
30,1,u
30,2,u
30,3,u
30,4,b
30,5,u
30,6,u
30,7,u
30,8,u
30,9,b
30,10,u
30,11,u
30,12,u
30,13,u
30,14,u
30,15,u
30,16,b
30,17,u
30,18,u
30,19,b
30,20,u
30,21,b
30,22,u
30,23,b
30,24,u
30,25,u
30,26,u
30,27,b
30,28,b
30,29,u
30,30,u
30,31,u
30,32,u
30,33,u
30,34,u
30,35,u
30,36,u
30,37,u
30,38,u
30,39,u
30,40,u
30,41,b
30,42,u
30,43,b
30,44,u
30,45,u
30,46,u
30,47,b
30,48,b
30,49,u
30,50,b
30,51,u
30,52,u
30,53,b
30,54,u
30,55,b
30,56,u
30,57,b
30,58,b
30,59,u
30,60,u
30,61,u
30,62,u
30,63,b
30,64,u
30,65,u
30,66,u
30,67,u
30,68,b
30,69,u
30,70,u
30,71,u
30,72,b
30,73,u
30,74,u
30,75,b
30,76,b
30,77,b
30,78,u
30,79,b
30,80,u
30,81,b
30,82,u
30,83,u
30,84,u
30,85,u
30,86,u
30,87,u
30,88,b
30,89,b
30,90,u
30,91,b
30,92,u
30,93,b
30,94,u
30,95,b
30,96,u
30,97,b
30,98,u
30,99,u
30,100,u
31,0,b
31,1,u
31,2,u
31,3,b
31,4,u
31,5,b
31,6,u
31,7,u
31,8,u
31,9,u
31,10,u
31,11,u
31,12,u
31,13,b
31,14,b
31,15,u
31,16,b
31,17,b
31,18,u
31,19,u
31,20,u
31,21,u
31,22,u
31,23,b
31,24,u
31,25,u
31,26,b
31,27,u
31,28,b
31,29,u
31,30,u
31,31,u
31,32,u
31,33,u
31,34,b
31,35,u
31,36,u
31,37,u
31,38,u
31,39,b
31,40,u
31,41,b
31,42,u
31,43,b
31,44,u
31,45,u
31,46,u
31,47,u
31,48,b
31,49,u
31,50,b
31,51,u
31,52,u
31,53,b
31,54,b
31,55,u
31,56,u
31,57,b
31,58,u
31,59,u
31,60,u
31,61,b
31,62,b
31,63,u
31,64,u
31,65,u
31,66,u
31,67,b
31,68,u
31,69,b
31,70,u
31,71,u
31,72,u
31,73,u
31,74,u
31,75,u
31,76,b
31,77,u
31,78,u
31,79,b
31,80,b
31,81,b
31,82,u
31,83,b
31,84,b
31,85,u
31,86,u
31,87,u
31,88,u
31,89,u
31,90,b
31,91,u
31,92,u
31,93,u
31,94,u
31,95,u
31,96,u
31,97,b
31,98,u
31,99,b
31,100,b
32,0,u
32,1,b
32,2,b
32,3,u
32,4,u
32,5,b
32,6,u
32,7,u
32,8,u
32,9,u
32,10,b
32,11,u
32,12,u
32,13,u
32,14,u
32,15,b
32,16,u
32,17,b
32,18,u
32,19,b
32,20,u
32,21,b
32,22,u
32,23,u
32,24,u
32,25,u
32,26,b
32,27,u
32,28,u
32,29,u
32,30,u
32,31,u
32,32,u
32,33,u
32,34,u
32,35,u
32,36,b
32,37,b
32,38,u
32,39,u
32,40,b
32,41,b
32,42,b
32,43,u
32,44,b
32,45,u
32,46,b
32,47,u
32,48,u
32,49,u
32,50,u
32,51,u
32,52,u
32,53,u
32,54,u
32,55,u
32,56,b
32,57,u
32,58,u
32,59,u
32,60,b
32,61,b
32,62,u
32,63,u
32,64,u
32,65,u
32,66,u
32,67,u
32,68,u
32,69,b
32,70,b
32,71,b
32,72,b
32,73,u
32,74,u
32,75,u
32,76,u
32,77,b
32,78,u
32,79,u
32,80,u
32,81,u
32,82,u
32,83,u
32,84,u
32,85,u
32,86,u
32,87,b
32,88,b
32,89,u
32,90,b
32,91,u
32,92,b
32,93,u
32,94,u
32,95,u
32,96,u
32,97,b
32,98,u
32,99,u
32,100,b
33,0,u
33,1,u
33,2,b
33,3,u
33,4,u
33,5,u
33,6,u
33,7,b
33,8,u
33,9,u
33,10,u
33,11,u
33,12,u
33,13,u
33,14,b
33,15,u
33,16,u
33,17,b
33,18,b
33,19,u
33,20,u
33,21,b
33,22,u
33,23,u
33,24,u
33,25,u
33,26,b
33,27,b
33,28,b
33,29,u
33,30,u
33,31,u
33,32,b
33,33,u
33,34,b
33,35,u
33,36,u
33,37,b
33,38,u
33,39,b
33,40,u
33,41,u
33,42,u
33,43,b
33,44,u
33,45,u
33,46,u
33,47,u
33,48,b
33,49,u
33,50,u
33,51,u
33,52,b
33,53,u
33,54,u
33,55,b
33,56,u
33,57,u
33,58,u
33,59,b
33,60,u
33,61,u
33,62,u
33,63,u
33,64,b
33,65,b
33,66,b
33,67,u
33,68,u
33,69,u
33,70,b
33,71,u
33,72,u
33,73,b
33,74,u
33,75,u
33,76,u
33,77,b
33,78,u
33,79,u
33,80,b
33,81,u
33,82,u
33,83,u
33,84,u
33,85,b
33,86,b
33,87,u
33,88,u
33,89,b
33,90,u
33,91,u
33,92,u
33,93,b
33,94,u
33,95,u
33,96,u
33,97,u
33,98,b
33,99,b
33,100,b
34,0,u
34,1,u
34,2,b
34,3,b
34,4,u
34,5,b
34,6,u
34,7,b
34,8,b
34,9,b
34,10,u
34,11,u
34,12,b
34,13,u
34,14,b
34,15,u
34,16,u
34,17,u
34,18,u
34,19,b
34,20,u
34,21,u
34,22,u
34,23,b
34,24,u
34,25,u
34,26,u
34,27,u
34,28,u
34,29,b
34,30,u
34,31,u
34,32,u
34,33,u
34,34,u
34,35,b
34,36,u
34,37,u
34,38,u
34,39,u
34,40,b
34,41,u
34,42,u
34,43,b
34,44,b
34,45,u
34,46,u
34,47,b
34,48,u
34,49,u
34,50,u
34,51,u
34,52,b
34,53,u
34,54,u
34,55,u
34,56,u
34,57,b
34,58,b
34,59,u
34,60,u
34,61,u
34,62,u
34,63,b
34,64,b
34,65,u
34,66,b
34,67,u
34,68,b
34,69,u
34,70,b
34,71,u
34,72,u
34,73,u
34,74,b
34,75,u
34,76,u
34,77,u
34,78,u
34,79,u
34,80,b
34,81,b
34,82,u
34,83,b
34,84,u
34,85,u
34,86,u
34,87,u
34,88,b
34,89,u
34,90,u
34,91,u
34,92,u
34,93,b
34,94,u
34,95,u
34,96,u
34,97,u
34,98,b
34,99,u
34,100,b
35,0,u
35,1,b
35,2,u
35,3,u
35,4,u
35,5,b
35,6,b
35,7,b
35,8,b
35,9,u
35,10,b
35,11,u
35,12,b
35,13,b
35,14,u
35,15,b
35,16,u
35,17,b
35,18,b
35,19,u
35,20,b
35,21,b
35,22,b
35,23,u
35,24,u
35,25,b
35,26,u
35,27,u
35,28,u
35,29,u
35,30,u
35,31,u
35,32,u
35,33,b
35,34,u
35,35,b
35,36,u
35,37,b
35,38,b
35,39,u
35,40,u
35,41,u
35,42,u
35,43,u
35,44,b
35,45,u
35,46,u
35,47,b
35,48,u
35,49,b
35,50,b
35,51,b
35,52,u
35,53,u
35,54,b
35,55,u
35,56,u
35,57,b
35,58,u
35,59,b
35,60,b
35,61,u
35,62,b
35,63,b
35,64,b
35,65,u
35,66,b
35,67,u
35,68,b
35,69,u
35,70,u
35,71,u
35,72,b
35,73,u
35,74,u
35,75,u
35,76,u
35,77,u
35,78,b
35,79,u
35,80,b
35,81,u
35,82,u
35,83,u
35,84,b
35,85,u
35,86,u
35,87,b
35,88,u
35,89,u
35,90,u
35,91,b
35,92,u
35,93,b
35,94,u
35,95,u
35,96,u
35,97,u
35,98,b
35,99,b
35,100,u
36,0,u
36,1,u
36,2,b
36,3,u
36,4,u
36,5,b
36,6,b
36,7,u
36,8,u
36,9,u
36,10,u
36,11,b
36,12,u
36,13,b
36,14,b
36,15,b
36,16,u
36,17,u
36,18,u
36,19,u
36,20,b
36,21,u
36,22,u
36,23,u
36,24,u
36,25,u
36,26,b
36,27,u
36,28,u
36,29,u
36,30,u
36,31,b
36,32,u
36,33,b
36,34,b
36,35,b
36,36,b
36,37,b
36,38,u
36,39,b
36,40,u
36,41,u
36,42,b
36,43,u
36,44,b
36,45,u
36,46,u
36,47,b
36,48,u
36,49,b
36,50,u
36,51,u
36,52,u
36,53,b
36,54,b
36,55,u
36,56,u
36,57,u
36,58,u
36,59,u
36,60,b
36,61,u
36,62,u
36,63,u
36,64,u
36,65,u
36,66,u
36,67,u
36,68,b
36,69,b
36,70,u
36,71,u
36,72,u
36,73,u
36,74,u
36,75,u
36,76,b
36,77,b
36,78,u
36,79,u
36,80,u
36,81,b
36,82,u
36,83,u
36,84,u
36,85,u
36,86,u
36,87,b
36,88,u
36,89,b
36,90,b
36,91,u
36,92,b
36,93,u
36,94,b
36,95,u
36,96,u
36,97,b
36,98,u
36,99,u
36,100,u
37,0,u
37,1,b
37,2,b
37,3,u
37,4,u
37,5,b
37,6,u
37,7,b
37,8,u
37,9,u
37,10,u
37,11,u
37,12,u
37,13,b
37,14,b
37,15,b
37,16,u
37,17,u
37,18,u
37,19,u
37,20,u
37,21,b
37,22,b
37,23,u
37,24,b
37,25,u
37,26,b
37,27,b
37,28,u
37,29,u
37,30,u
37,31,u
37,32,u
37,33,b
37,34,u
37,35,u
37,36,u
37,37,u
37,38,u
37,39,u
37,40,b
37,41,u
37,42,b
37,43,u
37,44,u
37,45,b
37,46,b
37,47,u
37,48,u
37,49,u
37,50,u
37,51,u
37,52,b
37,53,u
37,54,u
37,55,u
37,56,b
37,57,u
37,58,b
37,59,u
37,60,u
37,61,b
37,62,u
37,63,u
37,64,u
37,65,b
37,66,u
37,67,u
37,68,u
37,69,u
37,70,u
37,71,u
37,72,u
37,73,b
37,74,u
37,75,b
37,76,b
37,77,b
37,78,b
37,79,u
37,80,u
37,81,u
37,82,u
37,83,u
37,84,u
37,85,u
37,86,b
37,87,u
37,88,b
37,89,u
37,90,u
37,91,b
37,92,b
37,93,u
37,94,b
37,95,u
37,96,b
37,97,u
37,98,u
37,99,b
37,100,u
38,0,u
38,1,b
38,2,u
38,3,b
38,4,b
38,5,b
38,6,b
38,7,u
38,8,u
38,9,u
38,10,u
38,11,b
38,12,u
38,13,b
38,14,u
38,15,u
38,16,u
38,17,b
38,18,u
38,19,u
38,20,u
38,21,u
38,22,u
38,23,u
38,24,b
38,25,b
38,26,b
38,27,u
38,28,u
38,29,b
38,30,u
38,31,u
38,32,u
38,33,b
38,34,u
38,35,u
38,36,u
38,37,u
38,38,u
38,39,b
38,40,b
38,41,u
38,42,u
38,43,u
38,44,u
38,45,u
38,46,b
38,47,u
38,48,u
38,49,u
38,50,b
38,51,b
38,52,u
38,53,b
38,54,u
38,55,b
38,56,b
38,57,u
38,58,u
38,59,u
38,60,u
38,61,b
38,62,u
38,63,u
38,64,b
38,65,u
38,66,b
38,67,u
38,68,u
38,69,u
38,70,u
38,71,b
38,72,u
38,73,u
38,74,u
38,75,u
38,76,u
38,77,u
38,78,u
38,79,u
38,80,u
38,81,u
38,82,u
38,83,u
38,84,u
38,85,u
38,86,u
38,87,u
38,88,b
38,89,u
38,90,u
38,91,u
38,92,u
38,93,u
38,94,b
38,95,b
38,96,b
38,97,b
38,98,b
38,99,u
38,100,b
39,0,b
39,1,b
39,2,u
39,3,u
39,4,u
39,5,u
39,6,u
39,7,u
39,8,u
39,9,u
39,10,u
39,11,u
39,12,u
39,13,u
39,14,u
39,15,u
39,16,b
39,17,u
39,18,u
39,19,u
39,20,u
39,21,u
39,22,u
39,23,u
39,24,u
39,25,u
39,26,u
39,27,b
39,28,b
39,29,b
39,30,b
39,31,u
39,32,u
39,33,b
39,34,b
39,35,b
39,36,b
39,37,u
39,38,u
39,39,u
39,40,u
39,41,b
39,42,b
39,43,u
39,44,u
39,45,b
39,46,b
39,47,u
39,48,u
39,49,u
39,50,b
39,51,u
39,52,b
39,53,u
39,54,u
39,55,b
39,56,u
39,57,u
39,58,u
39,59,b
39,60,u
39,61,b
39,62,u
39,63,u
39,64,u
39,65,b
39,66,u
39,67,u
39,68,u
39,69,u
39,70,b
39,71,u
39,72,u
39,73,b
39,74,u
39,75,u
39,76,u
39,77,u
39,78,u
39,79,u
39,80,u
39,81,u
39,82,u
39,83,b
39,84,b
39,85,u
39,86,u
39,87,u
39,88,u
39,89,b
39,90,u
39,91,u
39,92,u
39,93,b
39,94,u
39,95,u
39,96,u
39,97,u
39,98,u
39,99,u
39,100,u
40,0,b
40,1,u
40,2,u
40,3,u
40,4,b
40,5,u
40,6,b
40,7,b
40,8,u
40,9,b
40,10,u
40,11,u
40,12,b
40,13,b
40,14,u
40,15,u
40,16,b
40,17,u
40,18,u
40,19,b
40,20,u
40,21,b
40,22,u
40,23,b
40,24,u
40,25,u
40,26,u
40,27,u
40,28,u
40,29,u
40,30,b
40,31,b
40,32,b
40,33,u
40,34,b
40,35,u
40,36,b
40,37,u
40,38,u
40,39,b
40,40,b
40,41,u
40,42,u
40,43,u
40,44,u
40,45,u
40,46,b
40,47,b
40,48,b
40,49,u
40,50,b
40,51,b
40,52,b
40,53,u
40,54,b
40,55,u
40,56,u
40,57,u
40,58,b
40,59,u
40,60,u
40,61,u
40,62,b
40,63,b
40,64,u
40,65,u
40,66,u
40,67,b
40,68,u
40,69,u
40,70,b
40,71,b
40,72,u
40,73,u
40,74,u
40,75,u
40,76,u
40,77,b
40,78,u
40,79,u
40,80,b
40,81,u
40,82,u
40,83,b
40,84,b
40,85,u
40,86,u
40,87,u
40,88,b
40,89,u
40,90,b
40,91,u
40,92,b
40,93,b
40,94,u
40,95,u
40,96,u
40,97,u
40,98,u
40,99,u
40,100,u
41,0,u
41,1,u
41,2,u
41,3,u
41,4,u
41,5,u
41,6,b
41,7,u
41,8,u
41,9,u
41,10,b
41,11,u
41,12,b
41,13,u
41,14,u
41,15,b
41,16,b
41,17,b
41,18,b
41,19,u
41,20,u
41,21,u
41,22,u
41,23,b
41,24,u
41,25,u
41,26,u
41,27,b
41,28,u
41,29,b
41,30,b
41,31,b
41,32,u
41,33,u
41,34,u
41,35,u
41,36,u
41,37,u
41,38,u
41,39,b
41,40,b
41,41,u
41,42,b
41,43,u
41,44,b
41,45,b
41,46,b
41,47,u
41,48,u
41,49,b
41,50,u
41,51,b
41,52,b
41,53,u
41,54,b
41,55,b
41,56,b
41,57,u
41,58,u
41,59,u
41,60,u
41,61,u
41,62,u
41,63,b
41,64,u
41,65,u
41,66,u
41,67,u
41,68,u
41,69,u
41,70,u
41,71,u
41,72,b
41,73,b
41,74,b
41,75,b
41,76,b
41,77,u
41,78,u
41,79,u
41,80,u
41,81,u
41,82,b
41,83,b
41,84,b
41,85,b
41,86,u
41,87,u
41,88,u
41,89,u
41,90,u
41,91,u
41,92,u
41,93,u
41,94,u
41,95,b
41,96,u
41,97,u
41,98,b
41,99,b
41,100,u
42,0,b
42,1,u
42,2,b
42,3,u
42,4,u
42,5,u
42,6,b
42,7,u
42,8,u
42,9,u
42,10,u
42,11,u
42,12,u
42,13,b
42,14,u
42,15,u
42,16,u
42,17,b
42,18,u
42,19,b
42,20,u
42,21,u
42,22,u
42,23,u
42,24,u
42,25,b
42,26,u
42,27,u
42,28,b
42,29,u
42,30,u
42,31,b
42,32,b
42,33,u
42,34,b
42,35,u
42,36,u
42,37,b
42,38,u
42,39,u
42,40,u
42,41,b
42,42,u
42,43,u
42,44,u
42,45,u
42,46,u
42,47,u
42,48,u
42,49,u
42,50,u
42,51,u
42,52,u
42,53,u
42,54,b
42,55,u
42,56,u
42,57,u
42,58,u
42,59,b
42,60,u
42,61,u
42,62,u
42,63,u
42,64,u
42,65,u
42,66,u
42,67,u
42,68,u
42,69,u
42,70,u
42,71,u
42,72,u
42,73,u
42,74,b
42,75,u
42,76,b
42,77,u
42,78,b
42,79,u
42,80,b
42,81,u
42,82,b
42,83,b
42,84,u
42,85,b
42,86,u
42,87,b
42,88,b
42,89,b
42,90,b
42,91,u
42,92,u
42,93,u
42,94,u
42,95,u
42,96,u
42,97,u
42,98,b
42,99,b
42,100,u
43,0,u
43,1,u
43,2,u
43,3,u
43,4,u
43,5,u
43,6,b
43,7,u
43,8,u
43,9,u
43,10,b
43,11,u
43,12,u
43,13,b
43,14,u
43,15,u
43,16,u
43,17,u
43,18,u
43,19,u
43,20,b
43,21,u
43,22,u
43,23,u
43,24,u
43,25,b
43,26,u
43,27,u
43,28,u
43,29,u
43,30,u
43,31,u
43,32,u
43,33,u
43,34,u
43,35,b
43,36,u
43,37,u
43,38,b
43,39,u
43,40,u
43,41,u
43,42,u
43,43,u
43,44,u
43,45,b
43,46,u
43,47,u
43,48,b
43,49,b
43,50,b
43,51,b
43,52,u
43,53,u
43,54,u
43,55,b
43,56,u
43,57,b
43,58,u
43,59,u
43,60,b
43,61,b
43,62,u
43,63,u
43,64,u
43,65,u
43,66,b
43,67,u
43,68,u
43,69,u
43,70,u
43,71,u
43,72,b
43,73,u
43,74,u
43,75,b
43,76,u
43,77,u
43,78,b
43,79,b
43,80,u
43,81,b
43,82,u
43,83,u
43,84,u
43,85,u
43,86,b
43,87,u
43,88,u
43,89,u
43,90,u
43,91,u
43,92,u
43,93,b
43,94,u
43,95,b
43,96,u
43,97,u
43,98,u
43,99,u
43,100,b
44,0,b
44,1,u
44,2,u
44,3,u
44,4,u
44,5,b
44,6,u
44,7,b
44,8,u
44,9,u
44,10,b
44,11,u
44,12,u
44,13,u
44,14,b
44,15,u
44,16,u
44,17,u
44,18,b
44,19,u
44,20,b
44,21,u
44,22,b
44,23,u
44,24,u
44,25,u
44,26,u
44,27,u
44,28,b
44,29,u
44,30,b
44,31,u
44,32,u
44,33,u
44,34,u
44,35,u
44,36,u
44,37,u
44,38,u
44,39,u
44,40,u
44,41,u
44,42,b
44,43,b
44,44,u
44,45,u
44,46,u
44,47,u
44,48,u
44,49,u
44,50,b
44,51,u
44,52,u
44,53,u
44,54,b
44,55,u
44,56,b
44,57,u
44,58,u
44,59,u
44,60,u
44,61,b
44,62,u
44,63,u
44,64,b
44,65,u
44,66,u
44,67,u
44,68,u
44,69,u
44,70,u
44,71,u
44,72,b
44,73,u
44,74,u
44,75,u
44,76,u
44,77,u
44,78,u
44,79,u
44,80,u
44,81,b
44,82,u
44,83,b
44,84,b
44,85,b
44,86,u
44,87,u
44,88,u
44,89,u
44,90,u
44,91,u
44,92,u
44,93,b
44,94,u
44,95,b
44,96,u
44,97,u
44,98,u
44,99,u
44,100,u
45,0,u
45,1,b
45,2,u
45,3,u
45,4,u
45,5,u
45,6,b
45,7,b
45,8,b
45,9,b
45,10,u
45,11,u
45,12,b
45,13,u
45,14,u
45,15,b
45,16,u
45,17,u
45,18,u
45,19,u
45,20,u
45,21,u
45,22,u
45,23,u
45,24,u
45,25,b
45,26,u
45,27,b
45,28,u
45,29,u
45,30,b
45,31,u
45,32,u
45,33,u
45,34,b
45,35,b
45,36,b
45,37,u
45,38,b
45,39,u
45,40,u
45,41,u
45,42,b
45,43,u
45,44,u
45,45,b
45,46,b
45,47,u
45,48,b
45,49,u
45,50,u
45,51,u
45,52,b
45,53,u
45,54,u
45,55,u
45,56,b
45,57,u
45,58,b
45,59,u
45,60,u
45,61,u
45,62,u
45,63,u
45,64,b
45,65,u
45,66,u
45,67,b
45,68,u
45,69,u
45,70,u
45,71,u
45,72,u
45,73,b
45,74,u
45,75,u
45,76,u
45,77,b
45,78,u
45,79,u
45,80,b
45,81,u
45,82,b
45,83,u
45,84,b
45,85,b
45,86,u
45,87,b
45,88,b
45,89,u
45,90,u
45,91,b
45,92,u
45,93,u
45,94,u
45,95,u
45,96,u
45,97,u
45,98,u
45,99,u
45,100,u
46,0,u
46,1,u
46,2,b
46,3,u
46,4,b
46,5,u
46,6,u
46,7,b
46,8,b
46,9,u
46,10,u
46,11,b
46,12,u
46,13,u
46,14,u
46,15,u
46,16,u
46,17,u
46,18,u
46,19,u
46,20,u
46,21,u
46,22,u
46,23,b
46,24,u
46,25,b
46,26,u
46,27,u
46,28,u
46,29,u
46,30,u
46,31,u
46,32,u
46,33,u
46,34,u
46,35,u
46,36,u
46,37,u
46,38,u
46,39,u
46,40,b
46,41,u
46,42,b
46,43,b
46,44,b
46,45,b
46,46,b
46,47,u
46,48,u
46,49,b
46,50,b
46,51,b
46,52,b
46,53,u
46,54,b
46,55,u
46,56,u
46,57,u
46,58,b
46,59,u
46,60,u
46,61,b
46,62,u
46,63,u
46,64,u
46,65,u
46,66,u
46,67,u
46,68,b
46,69,u
46,70,b
46,71,u
46,72,u
46,73,b
46,74,u
46,75,b
46,76,u
46,77,u
46,78,u
46,79,b
46,80,b
46,81,u
46,82,u
46,83,u
46,84,u
46,85,u
46,86,u
46,87,u
46,88,u
46,89,b
46,90,u
46,91,u
46,92,u
46,93,u
46,94,b
46,95,u
46,96,u
46,97,b
46,98,u
46,99,u
46,100,u
47,0,u
47,1,u
47,2,u
47,3,b
47,4,u
47,5,u
47,6,b
47,7,u
47,8,u
47,9,u
47,10,u
47,11,u
47,12,u
47,13,u
47,14,u
47,15,u
47,16,u
47,17,u
47,18,u
47,19,b
47,20,u
47,21,u
47,22,u
47,23,u
47,24,b
47,25,u
47,26,u
47,27,b
47,28,b
47,29,u
47,30,u
47,31,u
47,32,u
47,33,u
47,34,u
47,35,b
47,36,u
47,37,b
47,38,u
47,39,u
47,40,u
47,41,u
47,42,u
47,43,b
47,44,u
47,45,b
47,46,u
47,47,b
47,48,b
47,49,u
47,50,u
47,51,u
47,52,u
47,53,b
47,54,u
47,55,u
47,56,u
47,57,b
47,58,b
47,59,b
47,60,b
47,61,u
47,62,u
47,63,u
47,64,u
47,65,u
47,66,u
47,67,b
47,68,u
47,69,u
47,70,u
47,71,b
47,72,u
47,73,b
47,74,b
47,75,u
47,76,u
47,77,u
47,78,u
47,79,b
47,80,b
47,81,u
47,82,u
47,83,u
47,84,b
47,85,u
47,86,u
47,87,u
47,88,u
47,89,u
47,90,u
47,91,b
47,92,u
47,93,u
47,94,u
47,95,u
47,96,b
47,97,b
47,98,b
47,99,b
47,100,u
48,0,u
48,1,u
48,2,b
48,3,u
48,4,u
48,5,u
48,6,u
48,7,b
48,8,u
48,9,b
48,10,b
48,11,u
48,12,u
48,13,b
48,14,u
48,15,u
48,16,u
48,17,u
48,18,u
48,19,b
48,20,u
48,21,u
48,22,b
48,23,u
48,24,u
48,25,u
48,26,u
48,27,u
48,28,u
48,29,u
48,30,b
48,31,b
48,32,b
48,33,b
48,34,u
48,35,b
48,36,u
48,37,u
48,38,u
48,39,b
48,40,u
48,41,u
48,42,u
48,43,b
48,44,u
48,45,u
48,46,u
48,47,u
48,48,u
48,49,b
48,50,u
48,51,u
48,52,u
48,53,u
48,54,u
48,55,u
48,56,b
48,57,u
48,58,u
48,59,u
48,60,b
48,61,b
48,62,u
48,63,b
48,64,u
48,65,u
48,66,u
48,67,u
48,68,u
48,69,u
48,70,b
48,71,u
48,72,b
48,73,b
48,74,b
48,75,b
48,76,b
48,77,u
48,78,u
48,79,u
48,80,u
48,81,b
48,82,u
48,83,b
48,84,u
48,85,u
48,86,u
48,87,b
48,88,u
48,89,u
48,90,u
48,91,u
48,92,u
48,93,u
48,94,u
48,95,u
48,96,b
48,97,b
48,98,u
48,99,u
48,100,u
49,0,b
49,1,u
49,2,u
49,3,b
49,4,b
49,5,b
49,6,u
49,7,u
49,8,b
49,9,u
49,10,u
49,11,u
49,12,u
49,13,b
49,14,u
49,15,u
49,16,b
49,17,u
49,18,u
49,19,b
49,20,u
49,21,b
49,22,u
49,23,u
49,24,b
49,25,u
49,26,u
49,27,b
49,28,b
49,29,u
49,30,u
49,31,u
49,32,b
49,33,u
49,34,u
49,35,b
49,36,u
49,37,u
49,38,u
49,39,u
49,40,u
49,41,u
49,42,u
49,43,b
49,44,u
49,45,u
49,46,b
49,47,u
49,48,u
49,49,u
49,50,b
49,51,u
49,52,b
49,53,u
49,54,u
49,55,b
49,56,u
49,57,u
49,58,b
49,59,u
49,60,b
49,61,u
49,62,b
49,63,u
49,64,u
49,65,u
49,66,u
49,67,u
49,68,u
49,69,u
49,70,u
49,71,u
49,72,b
49,73,u
49,74,u
49,75,u
49,76,b
49,77,u
49,78,u
49,79,u
49,80,b
49,81,u
49,82,b
49,83,b
49,84,u
49,85,b
49,86,u
49,87,u
49,88,u
49,89,b
49,90,u
49,91,u
49,92,u
49,93,u
49,94,u
49,95,u
49,96,u
49,97,u
49,98,b
49,99,u
49,100,u
50,0,b
50,1,b
50,2,b
50,3,u
50,4,u
50,5,b
50,6,u
50,7,b
50,8,u
50,9,b
50,10,u
50,11,u
50,12,b
50,13,u
50,14,u
50,15,b
50,16,b
50,17,u
50,18,u
50,19,u
50,20,u
50,21,u
50,22,b
50,23,u
50,24,u
50,25,u
50,26,u
50,27,u
50,28,b
50,29,u
50,30,u
50,31,u
50,32,b
50,33,u
50,34,u
50,35,b
50,36,u
50,37,u
50,38,u
50,39,u
50,40,u
50,41,u
50,42,b
50,43,u
50,44,u
50,45,u
50,46,u
50,47,u
50,48,u
50,49,b
50,50,u
50,51,u
50,52,b
50,53,b
50,54,b
50,55,u
50,56,u
50,57,u
50,58,u
50,59,b
50,60,b
50,61,u
50,62,u
50,63,b
50,64,u
50,65,b
50,66,u
50,67,u
50,68,u
50,69,u
50,70,u
50,71,b
50,72,u
50,73,b
50,74,b
50,75,u
50,76,b
50,77,b
50,78,u
50,79,u
50,80,u
50,81,u
50,82,u
50,83,u
50,84,u
50,85,u
50,86,u
50,87,u
50,88,u
50,89,u
50,90,u
50,91,u
50,92,b
50,93,u
50,94,u
50,95,u
50,96,b
50,97,b
50,98,u
50,99,b
50,100,u
51,0,u
51,1,u
51,2,b
51,3,b
51,4,u
51,5,u
51,6,b
51,7,u
51,8,u
51,9,u
51,10,b
51,11,b
51,12,u
51,13,u
51,14,b
51,15,u
51,16,u
51,17,u
51,18,u
51,19,b
51,20,b
51,21,u
51,22,u
51,23,u
51,24,b
51,25,u
51,26,u
51,27,b
51,28,u
51,29,b
51,30,u
51,31,u
51,32,u
51,33,u
51,34,b
51,35,u
51,36,u
51,37,u
51,38,u
51,39,b
51,40,u
51,41,u
51,42,u
51,43,u
51,44,u
51,45,u
51,46,b
51,47,b
51,48,b
51,49,u
51,50,u
51,51,u
51,52,b
51,53,u
51,54,u
51,55,u
51,56,u
51,57,b
51,58,b
51,59,u
51,60,u
51,61,b
51,62,u
51,63,u
51,64,u
51,65,u
51,66,b
51,67,u
51,68,b
51,69,u
51,70,u
51,71,u
51,72,u
51,73,u
51,74,u
51,75,u
51,76,u
51,77,u
51,78,u
51,79,u
51,80,u
51,81,u
51,82,u
51,83,b
51,84,u
51,85,u
51,86,b
51,87,b
51,88,b
51,89,b
51,90,u
51,91,u
51,92,u
51,93,b
51,94,u
51,95,u
51,96,u
51,97,u
51,98,u
51,99,u
51,100,b
52,0,u
52,1,u
52,2,u
52,3,u
52,4,u
52,5,b
52,6,u
52,7,u
52,8,b
52,9,u
52,10,u
52,11,u
52,12,u
52,13,u
52,14,u
52,15,u
52,16,u
52,17,u
52,18,u
52,19,u
52,20,b
52,21,u
52,22,u
52,23,u
52,24,b
52,25,u
52,26,u
52,27,b
52,28,b
52,29,u
52,30,u
52,31,u
52,32,u
52,33,u
52,34,u
52,35,u
52,36,u
52,37,b
52,38,b
52,39,b
52,40,u
52,41,u
52,42,b
52,43,b
52,44,u
52,45,b
52,46,b
52,47,u
52,48,b
52,49,u
52,50,u
52,51,u
52,52,b
52,53,u
52,54,u
52,55,u
52,56,u
52,57,u
52,58,u
52,59,u
52,60,u
52,61,u
52,62,u
52,63,u
52,64,b
52,65,u
52,66,b
52,67,b
52,68,b
52,69,u
52,70,u
52,71,b
52,72,u
52,73,u
52,74,b
52,75,u
52,76,u
52,77,u
52,78,b
52,79,u
52,80,u
52,81,u
52,82,u
52,83,u
52,84,u
52,85,u
52,86,u
52,87,u
52,88,u
52,89,u
52,90,b
52,91,u
52,92,u
52,93,u
52,94,u
52,95,u
52,96,u
52,97,u
52,98,b
52,99,u
52,100,u
53,0,u
53,1,b
53,2,u
53,3,u
53,4,u
53,5,u
53,6,u
53,7,b
53,8,b
53,9,u
53,10,u
53,11,u
53,12,u
53,13,u
53,14,u
53,15,u
53,16,b
53,17,u
53,18,b
53,19,u
53,20,b
53,21,u
53,22,u
53,23,u
53,24,u
53,25,b
53,26,u
53,27,u
53,28,u
53,29,b
53,30,u
53,31,u
53,32,u
53,33,u
53,34,u
53,35,u
53,36,u
53,37,u
53,38,u
53,39,u
53,40,u
53,41,u
53,42,u
53,43,u
53,44,b
53,45,u
53,46,u
53,47,u
53,48,u
53,49,b
53,50,u
53,51,u
53,52,u
53,53,u
53,54,u
53,55,u
53,56,u
53,57,b
53,58,b
53,59,u
53,60,u
53,61,u
53,62,u
53,63,u
53,64,u
53,65,u
53,66,u
53,67,u
53,68,b
53,69,b
53,70,u
53,71,u
53,72,b
53,73,u
53,74,u
53,75,u
53,76,u
53,77,u
53,78,u
53,79,u
53,80,u
53,81,u
53,82,u
53,83,b
53,84,u
53,85,u
53,86,u
53,87,u
53,88,u
53,89,u
53,90,u
53,91,u
53,92,u
53,93,u
53,94,b
53,95,u
53,96,b
53,97,u
53,98,u
53,99,b
53,100,u
54,0,b
54,1,u
54,2,u
54,3,b
54,4,u
54,5,b
54,6,u
54,7,u
54,8,u
54,9,u
54,10,b
54,11,b
54,12,u
54,13,u
54,14,u
54,15,u
54,16,u
54,17,u
54,18,u
54,19,u
54,20,u
54,21,u
54,22,b
54,23,u
54,24,u
54,25,u
54,26,u
54,27,u
54,28,u
54,29,u
54,30,u
54,31,u
54,32,u
54,33,u
54,34,b
54,35,u
54,36,u
54,37,u
54,38,b
54,39,u
54,40,u
54,41,b
54,42,u
54,43,u
54,44,b
54,45,u
54,46,b
54,47,b
54,48,u
54,49,u
54,50,u
54,51,u
54,52,u
54,53,b
54,54,u
54,55,u
54,56,b
54,57,u
54,58,b
54,59,u
54,60,b
54,61,u
54,62,b
54,63,u
54,64,b
54,65,u
54,66,b
54,67,u
54,68,u
54,69,u
54,70,u
54,71,u
54,72,u
54,73,u
54,74,u
54,75,u
54,76,u
54,77,u
54,78,b
54,79,u
54,80,u
54,81,b
54,82,u
54,83,u
54,84,u
54,85,b
54,86,u
54,87,u
54,88,u
54,89,u
54,90,u
54,91,u
54,92,b
54,93,u
54,94,u
54,95,u
54,96,b
54,97,b
54,98,u
54,99,b
54,100,b
55,0,u
55,1,u
55,2,u
55,3,u
55,4,u
55,5,u
55,6,u
55,7,u
55,8,u
55,9,b
55,10,u
55,11,u
55,12,b
55,13,u
55,14,u
55,15,b
55,16,b
55,17,b
55,18,b
55,19,b
55,20,u
55,21,b
55,22,b
55,23,u
55,24,u
55,25,b
55,26,b
55,27,u
55,28,u
55,29,b
55,30,b
55,31,u
55,32,u
55,33,b
55,34,b
55,35,b
55,36,u
55,37,u
55,38,u
55,39,u
55,40,u
55,41,u
55,42,u
55,43,u
55,44,u
55,45,u
55,46,u
55,47,b
55,48,b
55,49,u
55,50,u
55,51,u
55,52,u
55,53,u
55,54,u
55,55,u
55,56,u
55,57,u
55,58,u
55,59,u
55,60,b
55,61,u
55,62,b
55,63,b
55,64,b
55,65,b
55,66,u
55,67,u
55,68,u
55,69,u
55,70,u
55,71,u
55,72,u
55,73,u
55,74,u
55,75,b
55,76,b
55,77,u
55,78,b
55,79,u
55,80,u
55,81,b
55,82,u
55,83,u
55,84,u
55,85,b
55,86,u
55,87,u
55,88,u
55,89,u
55,90,u
55,91,u
55,92,u
55,93,b
55,94,u
55,95,u
55,96,u
55,97,b
55,98,b
55,99,u
55,100,b
56,0,b
56,1,b
56,2,b
56,3,b
56,4,u
56,5,u
56,6,u
56,7,b
56,8,u
56,9,b
56,10,b
56,11,u
56,12,u
56,13,u
56,14,u
56,15,u
56,16,u
56,17,u
56,18,u
56,19,u
56,20,u
56,21,u
56,22,u
56,23,u
56,24,u
56,25,u
56,26,b
56,27,b
56,28,b
56,29,u
56,30,b
56,31,u
56,32,u
56,33,u
56,34,u
56,35,u
56,36,u
56,37,u
56,38,b
56,39,u
56,40,u
56,41,u
56,42,u
56,43,u
56,44,u
56,45,b
56,46,u
56,47,b
56,48,u
56,49,b
56,50,u
56,51,u
56,52,u
56,53,u
56,54,u
56,55,u
56,56,u
56,57,u
56,58,u
56,59,u
56,60,u
56,61,b
56,62,u
56,63,u
56,64,u
56,65,u
56,66,b
56,67,b
56,68,u
56,69,b
56,70,u
56,71,u
56,72,u
56,73,u
56,74,u
56,75,b
56,76,b
56,77,u
56,78,b
56,79,u
56,80,b
56,81,u
56,82,u
56,83,u
56,84,u
56,85,u
56,86,u
56,87,u
56,88,u
56,89,b
56,90,u
56,91,u
56,92,u
56,93,u
56,94,u
56,95,u
56,96,u
56,97,u
56,98,u
56,99,b
56,100,b
57,0,u
57,1,u
57,2,b
57,3,u
57,4,u
57,5,u
57,6,b
57,7,b
57,8,u
57,9,b
57,10,u
57,11,u
57,12,b
57,13,u
57,14,u
57,15,u
57,16,b
57,17,b
57,18,u
57,19,u
57,20,u
57,21,u
57,22,u
57,23,u
57,24,u
57,25,u
57,26,u
57,27,b
57,28,b
57,29,u
57,30,u
57,31,u
57,32,u
57,33,u
57,34,b
57,35,u
57,36,u
57,37,b
57,38,b
57,39,u
57,40,u
57,41,b
57,42,u
57,43,b
57,44,b
57,45,u
57,46,b
57,47,u
57,48,u
57,49,u
57,50,u
57,51,u
57,52,u
57,53,u
57,54,u
57,55,u
57,56,u
57,57,b
57,58,u
57,59,u
57,60,u
57,61,u
57,62,u
57,63,u
57,64,b
57,65,u
57,66,b
57,67,u
57,68,u
57,69,b
57,70,u
57,71,b
57,72,b
57,73,u
57,74,u
57,75,u
57,76,b
57,77,u
57,78,u
57,79,b
57,80,b
57,81,b
57,82,u
57,83,u
57,84,b
57,85,u
57,86,u
57,87,b
57,88,u
57,89,b
57,90,b
57,91,b
57,92,u
57,93,b
57,94,u
57,95,u
57,96,u
57,97,u
57,98,u
57,99,u
57,100,u
58,0,b
58,1,u
58,2,u
58,3,u
58,4,u
58,5,b
58,6,u
58,7,u
58,8,u
58,9,b
58,10,u
58,11,u
58,12,u
58,13,u
58,14,u
58,15,u
58,16,u
58,17,u
58,18,b
58,19,u
58,20,u
58,21,b
58,22,b
58,23,u
58,24,b
58,25,u
58,26,b
58,27,u
58,28,u
58,29,u
58,30,u
58,31,b
58,32,b
58,33,b
58,34,u
58,35,u
58,36,u
58,37,u
58,38,u
58,39,u
58,40,u
58,41,u
58,42,b
58,43,b
58,44,u
58,45,u
58,46,u
58,47,u
58,48,u
58,49,u
58,50,u
58,51,u
58,52,u
58,53,b
58,54,u
58,55,u
58,56,u
58,57,u
58,58,u
58,59,u
58,60,u
58,61,u
58,62,u
58,63,b
58,64,u
58,65,u
58,66,u
58,67,b
58,68,u
58,69,u
58,70,b
58,71,u
58,72,u
58,73,b
58,74,u
58,75,u
58,76,u
58,77,b
58,78,b
58,79,b
58,80,u
58,81,u
58,82,b
58,83,u
58,84,u
58,85,u
58,86,u
58,87,u
58,88,b
58,89,u
58,90,u
58,91,b
58,92,u
58,93,b
58,94,u
58,95,u
58,96,u
58,97,b
58,98,u
58,99,u
58,100,u
59,0,b
59,1,b
59,2,b
59,3,u
59,4,b
59,5,u
59,6,u
59,7,b
59,8,u
59,9,u
59,10,b
59,11,u
59,12,b
59,13,u
59,14,u
59,15,b
59,16,u
59,17,u
59,18,b
59,19,u
59,20,u
59,21,u
59,22,u
59,23,u
59,24,u
59,25,u
59,26,u
59,27,b
59,28,u
59,29,b
59,30,u
59,31,u
59,32,u
59,33,b
59,34,u
59,35,u
59,36,u
59,37,u
59,38,b
59,39,b
59,40,u
59,41,u
59,42,u
59,43,u
59,44,b
59,45,u
59,46,u
59,47,b
59,48,u
59,49,u
59,50,b
59,51,b
59,52,b
59,53,u
59,54,u
59,55,u
59,56,u
59,57,b
59,58,u
59,59,u
59,60,u
59,61,u
59,62,u
59,63,u
59,64,b
59,65,b
59,66,b
59,67,b
59,68,u
59,69,u
59,70,u
59,71,u
59,72,b
59,73,u
59,74,u
59,75,b
59,76,u
59,77,u
59,78,u
59,79,u
59,80,b
59,81,u
59,82,u
59,83,u
59,84,u
59,85,u
59,86,u
59,87,u
59,88,u
59,89,b
59,90,u
59,91,u
59,92,u
59,93,b
59,94,b
59,95,u
59,96,b
59,97,u
59,98,u
59,99,u
59,100,b
60,0,b
60,1,u
60,2,u
60,3,u
60,4,u
60,5,b
60,6,u
60,7,b
60,8,u
60,9,u
60,10,u
60,11,b
60,12,u
60,13,u
60,14,b
60,15,u
60,16,b
60,17,b
60,18,u
60,19,b
60,20,u
60,21,u
60,22,u
60,23,u
60,24,u
60,25,u
60,26,u
60,27,u
60,28,u
60,29,u
60,30,u
60,31,u
60,32,b
60,33,b
60,34,b
60,35,b
60,36,u
60,37,u
60,38,u
60,39,u
60,40,u
60,41,u
60,42,b
60,43,u
60,44,b
60,45,u
60,46,u
60,47,b
60,48,b
60,49,b
60,50,u
60,51,u
60,52,u
60,53,b
60,54,u
60,55,u
60,56,u
60,57,b
60,58,u
60,59,b
60,60,b
60,61,b
60,62,u
60,63,u
60,64,u
60,65,u
60,66,u
60,67,u
60,68,u
60,69,u
60,70,u
60,71,b
60,72,u
60,73,b
60,74,u
60,75,u
60,76,b
60,77,u
60,78,b
60,79,u
60,80,u
60,81,u
60,82,u
60,83,u
60,84,u
60,85,b
60,86,b
60,87,b
60,88,b
60,89,u
60,90,u
60,91,b
60,92,u
60,93,u
60,94,u
60,95,u
60,96,u
60,97,u
60,98,u
60,99,u
60,100,u
61,0,u
61,1,b
61,2,u
61,3,u
61,4,u
61,5,b
61,6,u
61,7,u
61,8,u
61,9,u
61,10,u
61,11,u
61,12,u
61,13,u
61,14,u
61,15,b
61,16,b
61,17,u
61,18,u
61,19,u
61,20,u
61,21,b
61,22,u
61,23,u
61,24,u
61,25,u
61,26,u
61,27,u
61,28,b
61,29,u
61,30,u
61,31,u
61,32,u
61,33,b
61,34,u
61,35,b
61,36,u
61,37,b
61,38,u
61,39,u
61,40,b
61,41,u
61,42,u
61,43,u
61,44,u
61,45,u
61,46,u
61,47,u
61,48,b
61,49,u
61,50,u
61,51,b
61,52,u
61,53,u
61,54,b
61,55,u
61,56,u
61,57,b
61,58,u
61,59,u
61,60,u
61,61,u
61,62,u
61,63,u
61,64,u
61,65,b
61,66,u
61,67,b
61,68,u
61,69,u
61,70,b
61,71,u
61,72,u
61,73,u
61,74,u
61,75,u
61,76,u
61,77,b
61,78,u
61,79,u
61,80,u
61,81,u
61,82,u
61,83,u
61,84,b
61,85,u
61,86,b
61,87,b
61,88,u
61,89,u
61,90,u
61,91,u
61,92,u
61,93,b
61,94,u
61,95,u
61,96,b
61,97,b
61,98,u
61,99,u
61,100,u
62,0,b
62,1,b
62,2,u
62,3,b
62,4,u
62,5,u
62,6,u
62,7,u
62,8,b
62,9,u
62,10,b
62,11,u
62,12,u
62,13,b
62,14,u
62,15,b
62,16,u
62,17,b
62,18,u
62,19,b
62,20,u
62,21,u
62,22,b
62,23,u
62,24,b
62,25,u
62,26,b
62,27,b
62,28,u
62,29,u
62,30,u
62,31,u
62,32,u
62,33,u
62,34,u
62,35,b
62,36,b
62,37,u
62,38,u
62,39,u
62,40,u
62,41,u
62,42,u
62,43,b
62,44,b
62,45,b
62,46,u
62,47,b
62,48,b
62,49,u
62,50,b
62,51,u
62,52,u
62,53,b
62,54,u
62,55,b
62,56,u
62,57,u
62,58,b
62,59,u
62,60,b
62,61,u
62,62,u
62,63,u
62,64,u
62,65,b
62,66,u
62,67,u
62,68,b
62,69,u
62,70,u
62,71,u
62,72,u
62,73,u
62,74,u
62,75,u
62,76,b
62,77,u
62,78,b
62,79,b
62,80,u
62,81,u
62,82,u
62,83,u
62,84,u
62,85,u
62,86,u
62,87,u
62,88,u
62,89,u
62,90,u
62,91,b
62,92,u
62,93,u
62,94,u
62,95,u
62,96,b
62,97,u
62,98,b
62,99,u
62,100,u
63,0,b
63,1,u
63,2,b
63,3,b
63,4,b
63,5,u
63,6,u
63,7,b
63,8,u
63,9,u
63,10,b
63,11,u
63,12,u
63,13,b
63,14,u
63,15,b
63,16,u
63,17,u
63,18,u
63,19,u
63,20,u
63,21,b
63,22,u
63,23,u
63,24,u
63,25,u
63,26,b
63,27,u
63,28,b
63,29,u
63,30,u
63,31,u
63,32,u
63,33,b
63,34,b
63,35,b
63,36,u
63,37,u
63,38,u
63,39,u
63,40,u
63,41,u
63,42,u
63,43,u
63,44,u
63,45,b
63,46,u
63,47,u
63,48,b
63,49,u
63,50,u
63,51,b
63,52,b
63,53,b
63,54,u
63,55,b
63,56,u
63,57,u
63,58,u
63,59,u
63,60,b
63,61,b
63,62,u
63,63,b
63,64,u
63,65,u
63,66,u
63,67,b
63,68,u
63,69,u
63,70,u
63,71,b
63,72,u
63,73,u
63,74,b
63,75,b
63,76,u
63,77,u
63,78,b
63,79,u
63,80,u
63,81,u
63,82,u
63,83,b
63,84,u
63,85,u
63,86,u
63,87,u
63,88,u
63,89,u
63,90,b
63,91,b
63,92,u
63,93,u
63,94,u
63,95,u
63,96,b
63,97,b
63,98,b
63,99,b
63,100,u
64,0,b
64,1,u
64,2,b
64,3,u
64,4,u
64,5,u
64,6,u
64,7,u
64,8,b
64,9,u
64,10,u
64,11,u
64,12,u
64,13,b
64,14,u
64,15,u
64,16,u
64,17,u
64,18,u
64,19,b
64,20,u
64,21,b
64,22,u
64,23,b
64,24,u
64,25,u
64,26,u
64,27,u
64,28,b
64,29,u
64,30,b
64,31,u
64,32,u
64,33,u
64,34,b
64,35,b
64,36,u
64,37,b
64,38,u
64,39,u
64,40,b
64,41,u
64,42,u
64,43,u
64,44,u
64,45,u
64,46,b
64,47,u
64,48,u
64,49,u
64,50,b
64,51,u
64,52,u
64,53,u
64,54,u
64,55,b
64,56,b
64,57,u
64,58,u
64,59,b
64,60,u
64,61,u
64,62,u
64,63,u
64,64,b
64,65,u
64,66,u
64,67,u
64,68,b
64,69,u
64,70,b
64,71,b
64,72,u
64,73,u
64,74,u
64,75,u
64,76,b
64,77,u
64,78,u
64,79,u
64,80,u
64,81,u
64,82,u
64,83,u
64,84,b
64,85,b
64,86,b
64,87,u
64,88,u
64,89,u
64,90,u
64,91,b
64,92,b
64,93,u
64,94,u
64,95,b
64,96,b
64,97,b
64,98,u
64,99,b
64,100,u
65,0,u
65,1,b
65,2,u
65,3,u
65,4,u
65,5,u
65,6,b
65,7,u
65,8,b
65,9,u
65,10,u
65,11,u
65,12,b
65,13,b
65,14,b
65,15,u
65,16,u
65,17,u
65,18,u
65,19,b
65,20,u
65,21,b
65,22,u
65,23,u
65,24,b
65,25,u
65,26,u
65,27,u
65,28,u
65,29,b
65,30,u
65,31,u
65,32,b
65,33,b
65,34,u
65,35,u
65,36,b
65,37,u
65,38,u
65,39,u
65,40,u
65,41,b
65,42,u
65,43,b
65,44,u
65,45,u
65,46,u
65,47,u
65,48,u
65,49,u
65,50,u
65,51,b
65,52,u
65,53,u
65,54,u
65,55,b
65,56,u
65,57,u
65,58,u
65,59,u
65,60,u
65,61,u
65,62,u
65,63,u
65,64,u
65,65,u
65,66,b
65,67,u
65,68,u
65,69,u
65,70,b
65,71,u
65,72,b
65,73,b
65,74,u
65,75,b
65,76,u
65,77,b
65,78,b
65,79,u
65,80,u
65,81,b
65,82,u
65,83,b
65,84,u
65,85,u
65,86,u
65,87,b
65,88,u
65,89,b
65,90,u
65,91,u
65,92,u
65,93,u
65,94,u
65,95,u
65,96,u
65,97,u
65,98,b
65,99,u
65,100,u
66,0,u
66,1,u
66,2,u
66,3,u
66,4,b
66,5,u
66,6,u
66,7,u
66,8,b
66,9,u
66,10,b
66,11,b
66,12,u
66,13,u
66,14,u
66,15,u
66,16,u
66,17,u
66,18,b
66,19,b
66,20,u
66,21,u
66,22,u
66,23,b
66,24,b
66,25,u
66,26,u
66,27,u
66,28,b
66,29,u
66,30,b
66,31,u
66,32,u
66,33,u
66,34,u
66,35,u
66,36,u
66,37,b
66,38,u
66,39,b
66,40,u
66,41,b
66,42,u
66,43,u
66,44,u
66,45,u
66,46,u
66,47,u
66,48,b
66,49,b
66,50,u
66,51,u
66,52,u
66,53,u
66,54,b
66,55,u
66,56,u
66,57,u
66,58,u
66,59,u
66,60,u
66,61,b
66,62,b
66,63,u
66,64,u
66,65,u
66,66,b
66,67,u
66,68,u
66,69,u
66,70,u
66,71,b
66,72,u
66,73,u
66,74,b
66,75,b
66,76,b
66,77,b
66,78,u
66,79,b
66,80,u
66,81,u
66,82,u
66,83,u
66,84,b
66,85,u
66,86,u
66,87,b
66,88,u
66,89,u
66,90,u
66,91,u
66,92,u
66,93,u
66,94,u
66,95,u
66,96,u
66,97,u
66,98,u
66,99,b
66,100,b
67,0,u
67,1,b
67,2,u
67,3,u
67,4,u
67,5,u
67,6,b
67,7,b
67,8,u
67,9,u
67,10,u
67,11,u
67,12,b
67,13,b
67,14,u
67,15,u
67,16,u
67,17,u
67,18,b
67,19,u
67,20,b
67,21,b
67,22,u
67,23,b
67,24,b
67,25,u
67,26,b
67,27,b
67,28,u
67,29,u
67,30,b
67,31,u
67,32,u
67,33,b
67,34,u
67,35,u
67,36,u
67,37,b
67,38,u
67,39,u
67,40,u
67,41,u
67,42,b
67,43,u
67,44,u
67,45,b
67,46,u
67,47,u
67,48,u
67,49,u
67,50,u
67,51,u
67,52,b
67,53,u
67,54,u
67,55,u
67,56,u
67,57,u
67,58,u
67,59,u
67,60,u
67,61,u
67,62,u
67,63,u
67,64,u
67,65,u
67,66,u
67,67,b
67,68,b
67,69,u
67,70,u
67,71,u
67,72,u
67,73,u
67,74,u
67,75,b
67,76,u
67,77,u
67,78,u
67,79,b
67,80,u
67,81,b
67,82,u
67,83,u
67,84,b
67,85,u
67,86,u
67,87,u
67,88,u
67,89,u
67,90,u
67,91,u
67,92,u
67,93,u
67,94,u
67,95,u
67,96,u
67,97,u
67,98,u
67,99,u
67,100,u
68,0,u
68,1,u
68,2,u
68,3,b
68,4,b
68,5,u
68,6,u
68,7,b
68,8,b
68,9,b
68,10,b
68,11,u
68,12,b
68,13,u
68,14,u
68,15,b
68,16,u
68,17,b
68,18,u
68,19,b
68,20,u
68,21,u
68,22,u
68,23,u
68,24,b
68,25,u
68,26,b
68,27,u
68,28,u
68,29,u
68,30,b
68,31,b
68,32,u
68,33,b
68,34,u
68,35,u
68,36,u
68,37,b
68,38,u
68,39,b
68,40,b
68,41,u
68,42,b
68,43,u
68,44,u
68,45,u
68,46,b
68,47,u
68,48,u
68,49,u
68,50,u
68,51,u
68,52,u
68,53,u
68,54,u
68,55,u
68,56,u
68,57,b
68,58,b
68,59,u
68,60,u
68,61,b
68,62,u
68,63,u
68,64,b
68,65,u
68,66,u
68,67,u
68,68,u
68,69,u
68,70,u
68,71,b
68,72,u
68,73,u
68,74,u
68,75,b
68,76,u
68,77,b
68,78,b
68,79,u
68,80,b
68,81,u
68,82,u
68,83,b
68,84,u
68,85,u
68,86,u
68,87,b
68,88,b
68,89,u
68,90,b
68,91,b
68,92,u
68,93,b
68,94,u
68,95,u
68,96,u
68,97,u
68,98,b
68,99,b
68,100,u
69,0,u
69,1,b
69,2,b
69,3,u
69,4,b
69,5,u
69,6,b
69,7,u
69,8,b
69,9,u
69,10,b
69,11,b
69,12,b
69,13,u
69,14,u
69,15,u
69,16,b
69,17,u
69,18,u
69,19,u
69,20,b
69,21,u
69,22,b
69,23,u
69,24,u
69,25,b
69,26,u
69,27,u
69,28,u
69,29,u
69,30,u
69,31,u
69,32,u
69,33,b
69,34,u
69,35,u
69,36,u
69,37,u
69,38,u
69,39,u
69,40,u
69,41,u
69,42,b
69,43,u
69,44,b
69,45,b
69,46,u
69,47,u
69,48,u
69,49,u
69,50,u
69,51,u
69,52,u
69,53,b
69,54,u
69,55,b
69,56,u
69,57,u
69,58,b
69,59,b
69,60,b
69,61,u
69,62,u
69,63,b
69,64,u
69,65,u
69,66,b
69,67,u
69,68,u
69,69,u
69,70,u
69,71,u
69,72,u
69,73,b
69,74,b
69,75,b
69,76,u
69,77,u
69,78,b
69,79,u
69,80,u
69,81,u
69,82,b
69,83,u
69,84,u
69,85,u
69,86,b
69,87,u
69,88,u
69,89,u
69,90,u
69,91,b
69,92,u
69,93,u
69,94,u
69,95,u
69,96,u
69,97,u
69,98,u
69,99,u
69,100,u
70,0,u
70,1,u
70,2,u
70,3,u
70,4,b
70,5,u
70,6,u
70,7,u
70,8,b
70,9,u
70,10,u
70,11,b
70,12,u
70,13,u
70,14,u
70,15,u
70,16,u
70,17,b
70,18,u
70,19,u
70,20,u
70,21,u
70,22,u
70,23,u
70,24,u
70,25,b
70,26,u
70,27,b
70,28,u
70,29,u
70,30,b
70,31,u
70,32,u
70,33,b
70,34,u
70,35,b
70,36,u
70,37,u
70,38,u
70,39,u
70,40,b
70,41,b
70,42,u
70,43,u
70,44,u
70,45,u
70,46,u
70,47,u
70,48,b
70,49,u
70,50,b
70,51,b
70,52,b
70,53,u
70,54,u
70,55,b
70,56,u
70,57,u
70,58,u
70,59,b
70,60,u
70,61,u
70,62,u
70,63,u
70,64,u
70,65,u
70,66,u
70,67,u
70,68,u
70,69,u
70,70,b
70,71,u
70,72,b
70,73,u
70,74,u
70,75,u
70,76,u
70,77,u
70,78,u
70,79,u
70,80,u
70,81,u
70,82,b
70,83,b
70,84,u
70,85,b
70,86,u
70,87,u
70,88,u
70,89,b
70,90,u
70,91,u
70,92,u
70,93,u
70,94,u
70,95,b
70,96,u
70,97,u
70,98,u
70,99,u
70,100,u
71,0,u
71,1,u
71,2,u
71,3,u
71,4,u
71,5,b
71,6,u
71,7,u
71,8,u
71,9,u
71,10,u
71,11,u
71,12,b
71,13,u
71,14,b
71,15,b
71,16,u
71,17,u
71,18,u
71,19,u
71,20,u
71,21,b
71,22,u
71,23,u
71,24,b
71,25,u
71,26,b
71,27,u
71,28,u
71,29,b
71,30,u
71,31,u
71,32,b
71,33,u
71,34,u
71,35,b
71,36,u
71,37,u
71,38,u
71,39,u
71,40,u
71,41,b
71,42,u
71,43,b
71,44,b
71,45,b
71,46,b
71,47,u
71,48,u
71,49,u
71,50,b
71,51,b
71,52,u
71,53,u
71,54,u
71,55,u
71,56,b
71,57,u
71,58,u
71,59,u
71,60,u
71,61,u
71,62,u
71,63,u
71,64,u
71,65,u
71,66,u
71,67,u
71,68,u
71,69,u
71,70,u
71,71,u
71,72,u
71,73,u
71,74,u
71,75,u
71,76,u
71,77,b
71,78,u
71,79,u
71,80,u
71,81,b
71,82,u
71,83,b
71,84,u
71,85,u
71,86,u
71,87,u
71,88,u
71,89,b
71,90,u
71,91,u
71,92,b
71,93,u
71,94,u
71,95,b
71,96,b
71,97,b
71,98,u
71,99,u
71,100,u
72,0,u
72,1,u
72,2,u
72,3,u
72,4,u
72,5,b
72,6,b
72,7,b
72,8,u
72,9,u
72,10,u
72,11,u
72,12,u
72,13,u
72,14,u
72,15,b
72,16,u
72,17,u
72,18,u
72,19,u
72,20,u
72,21,b
72,22,u
72,23,u
72,24,u
72,25,u
72,26,u
72,27,u
72,28,b
72,29,u
72,30,b
72,31,b
72,32,u
72,33,b
72,34,b
72,35,u
72,36,b
72,37,u
72,38,u
72,39,u
72,40,u
72,41,b
72,42,u
72,43,u
72,44,u
72,45,u
72,46,u
72,47,b
72,48,u
72,49,u
72,50,u
72,51,u
72,52,u
72,53,u
72,54,u
72,55,u
72,56,u
72,57,u
72,58,b
72,59,u
72,60,b
72,61,u
72,62,u
72,63,u
72,64,u
72,65,b
72,66,u
72,67,u
72,68,u
72,69,u
72,70,u
72,71,u
72,72,u
72,73,u
72,74,u
72,75,u
72,76,u
72,77,b
72,78,u
72,79,b
72,80,u
72,81,b
72,82,u
72,83,u
72,84,u
72,85,u
72,86,u
72,87,u
72,88,u
72,89,u
72,90,u
72,91,u
72,92,u
72,93,u
72,94,u
72,95,b
72,96,b
72,97,b
72,98,u
72,99,u
72,100,u
73,0,u
73,1,b
73,2,u
73,3,u
73,4,u
73,5,u
73,6,u
73,7,u
73,8,u
73,9,u
73,10,u
73,11,u
73,12,u
73,13,u
73,14,u
73,15,u
73,16,u
73,17,u
73,18,b
73,19,u
73,20,b
73,21,u
73,22,b
73,23,u
73,24,u
73,25,u
73,26,u
73,27,b
73,28,u
73,29,u
73,30,u
73,31,b
73,32,u
73,33,u
73,34,u
73,35,b
73,36,u
73,37,u
73,38,u
73,39,b
73,40,b
73,41,u
73,42,u
73,43,b
73,44,u
73,45,u
73,46,u
73,47,u
73,48,u
73,49,u
73,50,u
73,51,u
73,52,u
73,53,u
73,54,b
73,55,b
73,56,u
73,57,b
73,58,b
73,59,u
73,60,b
73,61,u
73,62,u
73,63,u
73,64,u
73,65,u
73,66,u
73,67,u
73,68,u
73,69,u
73,70,u
73,71,u
73,72,u
73,73,b
73,74,u
73,75,u
73,76,u
73,77,b
73,78,u
73,79,u
73,80,u
73,81,b
73,82,u
73,83,u
73,84,u
73,85,b
73,86,u
73,87,b
73,88,u
73,89,u
73,90,u
73,91,b
73,92,u
73,93,u
73,94,b
73,95,b
73,96,u
73,97,b
73,98,u
73,99,u
73,100,u
74,0,u
74,1,b
74,2,u
74,3,u
74,4,b
74,5,b
74,6,u
74,7,u
74,8,u
74,9,u
74,10,u
74,11,u
74,12,u
74,13,b
74,14,u
74,15,b
74,16,u
74,17,b
74,18,u
74,19,u
74,20,u
74,21,b
74,22,u
74,23,b
74,24,u
74,25,u
74,26,u
74,27,b
74,28,b
74,29,b
74,30,u
74,31,b
74,32,b
74,33,u
74,34,u
74,35,u
74,36,u
74,37,b
74,38,u
74,39,u
74,40,u
74,41,b
74,42,u
74,43,u
74,44,u
74,45,u
74,46,b
74,47,u
74,48,b
74,49,u
74,50,u
74,51,u
74,52,u
74,53,b
74,54,u
74,55,b
74,56,b
74,57,u
74,58,b
74,59,u
74,60,b
74,61,u
74,62,b
74,63,u
74,64,u
74,65,u
74,66,u
74,67,u
74,68,u
74,69,u
74,70,u
74,71,b
74,72,u
74,73,u
74,74,b
74,75,u
74,76,b
74,77,u
74,78,u
74,79,u
74,80,u
74,81,u
74,82,u
74,83,u
74,84,u
74,85,b
74,86,b
74,87,u
74,88,b
74,89,b
74,90,u
74,91,b
74,92,b
74,93,u
74,94,u
74,95,b
74,96,u
74,97,u
74,98,u
74,99,u
74,100,u
75,0,b
75,1,u
75,2,u
75,3,u
75,4,b
75,5,u
75,6,b
75,7,b
75,8,u
75,9,u
75,10,u
75,11,u
75,12,u
75,13,u
75,14,u
75,15,u
75,16,u
75,17,u
75,18,u
75,19,u
75,20,u
75,21,b
75,22,u
75,23,u
75,24,u
75,25,b
75,26,u
75,27,b
75,28,u
75,29,u
75,30,u
75,31,b
75,32,u
75,33,u
75,34,u
75,35,u
75,36,u
75,37,u
75,38,u
75,39,b
75,40,b
75,41,u
75,42,u
75,43,b
75,44,u
75,45,u
75,46,u
75,47,u
75,48,u
75,49,u
75,50,u
75,51,u
75,52,b
75,53,u
75,54,u
75,55,b
75,56,u
75,57,b
75,58,u
75,59,b
75,60,u
75,61,u
75,62,u
75,63,u
75,64,u
75,65,u
75,66,u
75,67,u
75,68,u
75,69,u
75,70,b
75,71,u
75,72,u
75,73,b
75,74,u
75,75,u
75,76,b
75,77,b
75,78,b
75,79,u
75,80,b
75,81,u
75,82,u
75,83,u
75,84,u
75,85,u
75,86,b
75,87,b
75,88,b
75,89,b
75,90,u
75,91,b
75,92,b
75,93,u
75,94,u
75,95,b
75,96,b
75,97,u
75,98,u
75,99,u
75,100,b
76,0,u
76,1,b
76,2,b
76,3,u
76,4,b
76,5,b
76,6,u
76,7,b
76,8,u
76,9,b
76,10,b
76,11,u
76,12,u
76,13,u
76,14,b
76,15,u
76,16,b
76,17,u
76,18,u
76,19,u
76,20,u
76,21,u
76,22,b
76,23,b
76,24,u
76,25,u
76,26,b
76,27,u
76,28,u
76,29,u
76,30,b
76,31,u
76,32,u
76,33,u
76,34,b
76,35,u
76,36,b
76,37,u
76,38,u
76,39,u
76,40,u
76,41,u
76,42,b
76,43,u
76,44,b
76,45,u
76,46,u
76,47,u
76,48,b
76,49,b
76,50,b
76,51,b
76,52,u
76,53,u
76,54,u
76,55,u
76,56,b
76,57,u
76,58,u
76,59,u
76,60,b
76,61,u
76,62,b
76,63,b
76,64,u
76,65,b
76,66,u
76,67,u
76,68,u
76,69,u
76,70,u
76,71,u
76,72,u
76,73,b
76,74,u
76,75,u
76,76,b
76,77,u
76,78,u
76,79,u
76,80,u
76,81,u
76,82,u
76,83,u
76,84,u
76,85,u
76,86,u
76,87,b
76,88,u
76,89,u
76,90,u
76,91,u
76,92,b
76,93,b
76,94,u
76,95,u
76,96,b
76,97,b
76,98,u
76,99,b
76,100,u
77,0,b
77,1,b
77,2,b
77,3,u
77,4,b
77,5,b
77,6,u
77,7,b
77,8,u
77,9,b
77,10,b
77,11,u
77,12,b
77,13,u
77,14,u
77,15,b
77,16,u
77,17,u
77,18,b
77,19,b
77,20,u
77,21,b
77,22,u
77,23,u
77,24,b
77,25,u
77,26,u
77,27,u
77,28,b
77,29,u
77,30,u
77,31,u
77,32,u
77,33,b
77,34,b
77,35,u
77,36,u
77,37,u
77,38,b
77,39,b
77,40,b
77,41,b
77,42,u
77,43,u
77,44,u
77,45,b
77,46,u
77,47,u
77,48,b
77,49,b
77,50,u
77,51,u
77,52,u
77,53,u
77,54,u
77,55,u
77,56,b
77,57,u
77,58,u
77,59,u
77,60,u
77,61,b
77,62,u
77,63,u
77,64,b
77,65,u
77,66,b
77,67,u
77,68,u
77,69,b
77,70,u
77,71,u
77,72,u
77,73,u
77,74,b
77,75,u
77,76,b
77,77,u
77,78,u
77,79,u
77,80,b
77,81,u
77,82,b
77,83,u
77,84,u
77,85,u
77,86,u
77,87,u
77,88,b
77,89,u
77,90,b
77,91,u
77,92,b
77,93,u
77,94,u
77,95,u
77,96,u
77,97,u
77,98,b
77,99,u
77,100,u
78,0,u
78,1,b
78,2,u
78,3,u
78,4,u
78,5,b
78,6,u
78,7,u
78,8,b
78,9,b
78,10,u
78,11,u
78,12,u
78,13,u
78,14,u
78,15,u
78,16,u
78,17,u
78,18,b
78,19,b
78,20,u
78,21,u
78,22,u
78,23,b
78,24,b
78,25,u
78,26,u
78,27,u
78,28,u
78,29,u
78,30,b
78,31,b
78,32,b
78,33,b
78,34,u
78,35,b
78,36,b
78,37,b
78,38,b
78,39,u
78,40,b
78,41,u
78,42,u
78,43,u
78,44,u
78,45,u
78,46,b
78,47,u
78,48,u
78,49,u
78,50,u
78,51,b
78,52,u
78,53,u
78,54,b
78,55,u
78,56,u
78,57,u
78,58,b
78,59,u
78,60,b
78,61,u
78,62,u
78,63,u
78,64,b
78,65,u
78,66,u
78,67,u
78,68,u
78,69,b
78,70,u
78,71,u
78,72,b
78,73,u
78,74,u
78,75,u
78,76,u
78,77,b
78,78,u
78,79,b
78,80,u
78,81,u
78,82,b
78,83,u
78,84,u
78,85,u
78,86,u
78,87,b
78,88,u
78,89,u
78,90,u
78,91,u
78,92,u
78,93,u
78,94,b
78,95,u
78,96,u
78,97,u
78,98,b
78,99,u
78,100,u
79,0,b
79,1,u
79,2,u
79,3,u
79,4,u
79,5,u
79,6,u
79,7,u
79,8,u
79,9,u
79,10,u
79,11,u
79,12,u
79,13,u
79,14,u
79,15,u
79,16,b
79,17,b
79,18,u
79,19,u
79,20,u
79,21,b
79,22,u
79,23,b
79,24,u
79,25,u
79,26,u
79,27,u
79,28,b
79,29,u
79,30,u
79,31,u
79,32,u
79,33,u
79,34,b
79,35,u
79,36,u
79,37,u
79,38,u
79,39,u
79,40,b
79,41,u
79,42,b
79,43,u
79,44,b
79,45,u
79,46,u
79,47,b
79,48,u
79,49,u
79,50,b
79,51,u
79,52,u
79,53,b
79,54,u
79,55,u
79,56,u
79,57,u
79,58,u
79,59,b
79,60,u
79,61,u
79,62,u
79,63,u
79,64,b
79,65,u
79,66,u
79,67,u
79,68,u
79,69,u
79,70,u
79,71,b
79,72,u
79,73,b
79,74,u
79,75,b
79,76,b
79,77,u
79,78,b
79,79,u
79,80,b
79,81,u
79,82,u
79,83,u
79,84,u
79,85,b
79,86,b
79,87,b
79,88,b
79,89,u
79,90,b
79,91,u
79,92,b
79,93,u
79,94,b
79,95,u
79,96,u
79,97,u
79,98,u
79,99,u
79,100,b
80,0,u
80,1,b
80,2,u
80,3,b
80,4,u
80,5,u
80,6,u
80,7,b
80,8,u
80,9,u
80,10,u
80,11,b
80,12,u
80,13,u
80,14,u
80,15,u
80,16,u
80,17,b
80,18,u
80,19,u
80,20,u
80,21,u
80,22,u
80,23,u
80,24,b
80,25,u
80,26,b
80,27,u
80,28,b
80,29,u
80,30,u
80,31,u
80,32,u
80,33,b
80,34,b
80,35,u
80,36,u
80,37,u
80,38,u
80,39,b
80,40,u
80,41,u
80,42,u
80,43,u
80,44,u
80,45,b
80,46,u
80,47,u
80,48,u
80,49,u
80,50,u
80,51,u
80,52,b
80,53,u
80,54,b
80,55,u
80,56,u
80,57,u
80,58,u
80,59,b
80,60,u
80,61,u
80,62,b
80,63,u
80,64,u
80,65,u
80,66,u
80,67,b
80,68,u
80,69,u
80,70,u
80,71,u
80,72,u
80,73,u
80,74,u
80,75,u
80,76,b
80,77,u
80,78,u
80,79,u
80,80,u
80,81,u
80,82,u
80,83,u
80,84,u
80,85,b
80,86,b
80,87,u
80,88,b
80,89,u
80,90,u
80,91,u
80,92,u
80,93,b
80,94,b
80,95,u
80,96,u
80,97,b
80,98,u
80,99,u
80,100,b
81,0,b
81,1,u
81,2,u
81,3,u
81,4,u
81,5,u
81,6,u
81,7,b
81,8,u
81,9,u
81,10,u
81,11,u
81,12,u
81,13,b
81,14,u
81,15,u
81,16,u
81,17,b
81,18,u
81,19,b
81,20,u
81,21,u
81,22,u
81,23,b
81,24,u
81,25,u
81,26,u
81,27,b
81,28,b
81,29,u
81,30,u
81,31,u
81,32,u
81,33,u
81,34,u
81,35,u
81,36,u
81,37,u
81,38,b
81,39,u
81,40,u
81,41,u
81,42,u
81,43,u
81,44,b
81,45,b
81,46,u
81,47,b
81,48,b
81,49,u
81,50,u
81,51,b
81,52,b
81,53,u
81,54,u
81,55,u
81,56,b
81,57,u
81,58,u
81,59,u
81,60,u
81,61,b
81,62,b
81,63,u
81,64,u
81,65,u
81,66,u
81,67,u
81,68,u
81,69,u
81,70,b
81,71,u
81,72,u
81,73,u
81,74,u
81,75,b
81,76,u
81,77,b
81,78,u
81,79,u
81,80,b
81,81,u
81,82,u
81,83,u
81,84,u
81,85,b
81,86,u
81,87,u
81,88,u
81,89,u
81,90,u
81,91,u
81,92,u
81,93,u
81,94,b
81,95,u
81,96,u
81,97,b
81,98,u
81,99,u
81,100,b
82,0,u
82,1,b
82,2,b
82,3,u
82,4,b
82,5,b
82,6,u
82,7,u
82,8,u
82,9,b
82,10,b
82,11,b
82,12,b
82,13,u
82,14,b
82,15,u
82,16,b
82,17,u
82,18,u
82,19,b
82,20,b
82,21,b
82,22,u
82,23,u
82,24,b
82,25,b
82,26,b
82,27,u
82,28,u
82,29,u
82,30,u
82,31,u
82,32,b
82,33,u
82,34,u
82,35,u
82,36,u
82,37,b
82,38,u
82,39,b
82,40,u
82,41,u
82,42,b
82,43,b
82,44,u
82,45,u
82,46,b
82,47,b
82,48,b
82,49,u
82,50,u
82,51,u
82,52,u
82,53,u
82,54,u
82,55,u
82,56,b
82,57,u
82,58,u
82,59,u
82,60,u
82,61,u
82,62,u
82,63,u
82,64,b
82,65,u
82,66,u
82,67,u
82,68,b
82,69,u
82,70,u
82,71,u
82,72,u
82,73,u
82,74,b
82,75,u
82,76,u
82,77,u
82,78,b
82,79,b
82,80,b
82,81,u
82,82,u
82,83,b
82,84,u
82,85,u
82,86,u
82,87,u
82,88,b
82,89,u
82,90,u
82,91,u
82,92,u
82,93,b
82,94,u
82,95,u
82,96,b
82,97,u
82,98,u
82,99,u
82,100,b
83,0,u
83,1,u
83,2,u
83,3,u
83,4,u
83,5,u
83,6,u
83,7,u
83,8,u
83,9,b
83,10,b
83,11,b
83,12,u
83,13,u
83,14,u
83,15,u
83,16,b
83,17,u
83,18,b
83,19,u
83,20,b
83,21,u
83,22,u
83,23,u
83,24,u
83,25,b
83,26,u
83,27,u
83,28,b
83,29,u
83,30,u
83,31,u
83,32,u
83,33,b
83,34,u
83,35,u
83,36,u
83,37,u
83,38,b
83,39,b
83,40,u
83,41,u
83,42,b
83,43,u
83,44,b
83,45,u
83,46,u
83,47,u
83,48,u
83,49,b
83,50,b
83,51,u
83,52,u
83,53,u
83,54,b
83,55,u
83,56,u
83,57,u
83,58,u
83,59,b
83,60,b
83,61,b
83,62,u
83,63,u
83,64,u
83,65,u
83,66,u
83,67,u
83,68,u
83,69,u
83,70,u
83,71,u
83,72,b
83,73,u
83,74,u
83,75,b
83,76,b
83,77,u
83,78,u
83,79,u
83,80,u
83,81,u
83,82,u
83,83,u
83,84,u
83,85,u
83,86,u
83,87,u
83,88,u
83,89,u
83,90,u
83,91,b
83,92,u
83,93,u
83,94,u
83,95,u
83,96,u
83,97,b
83,98,u
83,99,u
83,100,u
84,0,b
84,1,u
84,2,u
84,3,b
84,4,u
84,5,u
84,6,u
84,7,u
84,8,u
84,9,b
84,10,u
84,11,u
84,12,b
84,13,b
84,14,u
84,15,b
84,16,u
84,17,u
84,18,b
84,19,u
84,20,b
84,21,u
84,22,u
84,23,u
84,24,u
84,25,u
84,26,u
84,27,u
84,28,u
84,29,u
84,30,u
84,31,u
84,32,b
84,33,u
84,34,u
84,35,u
84,36,b
84,37,u
84,38,u
84,39,u
84,40,u
84,41,u
84,42,u
84,43,u
84,44,b
84,45,u
84,46,b
84,47,u
84,48,b
84,49,b
84,50,u
84,51,u
84,52,u
84,53,u
84,54,b
84,55,u
84,56,u
84,57,b
84,58,u
84,59,u
84,60,u
84,61,b
84,62,u
84,63,b
84,64,u
84,65,u
84,66,u
84,67,u
84,68,b
84,69,u
84,70,u
84,71,u
84,72,u
84,73,u
84,74,u
84,75,u
84,76,u
84,77,b
84,78,u
84,79,b
84,80,u
84,81,u
84,82,u
84,83,u
84,84,b
84,85,u
84,86,u
84,87,u
84,88,u
84,89,b
84,90,u
84,91,u
84,92,u
84,93,u
84,94,u
84,95,u
84,96,u
84,97,u
84,98,u
84,99,u
84,100,b
85,0,b
85,1,u
85,2,u
85,3,b
85,4,u
85,5,u
85,6,b
85,7,u
85,8,u
85,9,u
85,10,u
85,11,b
85,12,u
85,13,u
85,14,u
85,15,u
85,16,b
85,17,u
85,18,u
85,19,u
85,20,u
85,21,u
85,22,b
85,23,u
85,24,u
85,25,u
85,26,b
85,27,u
85,28,b
85,29,u
85,30,u
85,31,u
85,32,u
85,33,u
85,34,b
85,35,u
85,36,b
85,37,u
85,38,b
85,39,b
85,40,u
85,41,u
85,42,u
85,43,u
85,44,u
85,45,b
85,46,u
85,47,b
85,48,b
85,49,u
85,50,u
85,51,b
85,52,u
85,53,b
85,54,u
85,55,b
85,56,b
85,57,u
85,58,u
85,59,u
85,60,u
85,61,u
85,62,b
85,63,u
85,64,u
85,65,u
85,66,u
85,67,b
85,68,u
85,69,u
85,70,u
85,71,u
85,72,b
85,73,u
85,74,u
85,75,b
85,76,u
85,77,u
85,78,u
85,79,u
85,80,u
85,81,b
85,82,b
85,83,u
85,84,u
85,85,u
85,86,b
85,87,u
85,88,u
85,89,b
85,90,u
85,91,b
85,92,u
85,93,u
85,94,b
85,95,b
85,96,u
85,97,b
85,98,u
85,99,b
85,100,u
86,0,b
86,1,b
86,2,u
86,3,u
86,4,b
86,5,u
86,6,u
86,7,u
86,8,u
86,9,b
86,10,u
86,11,b
86,12,u
86,13,u
86,14,u
86,15,b
86,16,u
86,17,u
86,18,u
86,19,b
86,20,u
86,21,u
86,22,b
86,23,b
86,24,b
86,25,u
86,26,u
86,27,u
86,28,u
86,29,u
86,30,u
86,31,b
86,32,b
86,33,b
86,34,u
86,35,u
86,36,b
86,37,u
86,38,u
86,39,u
86,40,u
86,41,b
86,42,u
86,43,u
86,44,u
86,45,u
86,46,u
86,47,u
86,48,u
86,49,u
86,50,u
86,51,u
86,52,u
86,53,u
86,54,u
86,55,u
86,56,u
86,57,u
86,58,u
86,59,u
86,60,u
86,61,b
86,62,b
86,63,u
86,64,u
86,65,u
86,66,u
86,67,u
86,68,b
86,69,b
86,70,b
86,71,u
86,72,u
86,73,u
86,74,u
86,75,u
86,76,u
86,77,u
86,78,u
86,79,u
86,80,u
86,81,u
86,82,b
86,83,b
86,84,u
86,85,u
86,86,u
86,87,u
86,88,u
86,89,u
86,90,u
86,91,b
86,92,b
86,93,u
86,94,b
86,95,u
86,96,u
86,97,u
86,98,u
86,99,u
86,100,u
87,0,u
87,1,u
87,2,u
87,3,u
87,4,u
87,5,b
87,6,u
87,7,u
87,8,u
87,9,u
87,10,b
87,11,u
87,12,u
87,13,b
87,14,u
87,15,b
87,16,u
87,17,u
87,18,u
87,19,b
87,20,u
87,21,u
87,22,u
87,23,u
87,24,u
87,25,u
87,26,u
87,27,b
87,28,b
87,29,b
87,30,u
87,31,u
87,32,b
87,33,u
87,34,u
87,35,b
87,36,u
87,37,b
87,38,u
87,39,u
87,40,b
87,41,u
87,42,u
87,43,b
87,44,u
87,45,u
87,46,u
87,47,u
87,48,u
87,49,b
87,50,u
87,51,b
87,52,u
87,53,u
87,54,u
87,55,b
87,56,b
87,57,u
87,58,u
87,59,u
87,60,u
87,61,u
87,62,b
87,63,u
87,64,u
87,65,u
87,66,u
87,67,u
87,68,u
87,69,u
87,70,b
87,71,u
87,72,b
87,73,u
87,74,u
87,75,u
87,76,u
87,77,u
87,78,u
87,79,u
87,80,u
87,81,u
87,82,u
87,83,u
87,84,b
87,85,u
87,86,b
87,87,u
87,88,u
87,89,u
87,90,u
87,91,u
87,92,b
87,93,b
87,94,u
87,95,u
87,96,u
87,97,b
87,98,b
87,99,u
87,100,u
88,0,b
88,1,u
88,2,u
88,3,b
88,4,u
88,5,u
88,6,u
88,7,b
88,8,u
88,9,b
88,10,b
88,11,b
88,12,u
88,13,u
88,14,u
88,15,b
88,16,b
88,17,u
88,18,u
88,19,u
88,20,u
88,21,u
88,22,u
88,23,b
88,24,u
88,25,b
88,26,u
88,27,u
88,28,u
88,29,u
88,30,b
88,31,u
88,32,u
88,33,u
88,34,b
88,35,u
88,36,b
88,37,b
88,38,b
88,39,u
88,40,u
88,41,u
88,42,b
88,43,b
88,44,u
88,45,u
88,46,b
88,47,u
88,48,b
88,49,u
88,50,b
88,51,b
88,52,b
88,53,b
88,54,u
88,55,b
88,56,u
88,57,b
88,58,b
88,59,u
88,60,u
88,61,u
88,62,b
88,63,u
88,64,b
88,65,u
88,66,u
88,67,b
88,68,u
88,69,u
88,70,b
88,71,u
88,72,u
88,73,b
88,74,u
88,75,b
88,76,u
88,77,u
88,78,b
88,79,u
88,80,b
88,81,u
88,82,b
88,83,b
88,84,u
88,85,b
88,86,u
88,87,u
88,88,u
88,89,u
88,90,u
88,91,u
88,92,u
88,93,b
88,94,u
88,95,b
88,96,u
88,97,u
88,98,u
88,99,u
88,100,u
89,0,b
89,1,b
89,2,u
89,3,b
89,4,u
89,5,u
89,6,b
89,7,u
89,8,b
89,9,u
89,10,b
89,11,u
89,12,u
89,13,b
89,14,b
89,15,b
89,16,b
89,17,u
89,18,u
89,19,u
89,20,u
89,21,b
89,22,u
89,23,u
89,24,u
89,25,u
89,26,u
89,27,u
89,28,u
89,29,b
89,30,b
89,31,u
89,32,u
89,33,u
89,34,u
89,35,u
89,36,u
89,37,u
89,38,u
89,39,u
89,40,b
89,41,u
89,42,b
89,43,u
89,44,u
89,45,u
89,46,u
89,47,u
89,48,b
89,49,u
89,50,u
89,51,b
89,52,u
89,53,u
89,54,u
89,55,b
89,56,b
89,57,u
89,58,u
89,59,u
89,60,b
89,61,u
89,62,u
89,63,u
89,64,b
89,65,u
89,66,u
89,67,u
89,68,b
89,69,u
89,70,u
89,71,u
89,72,u
89,73,u
89,74,u
89,75,u
89,76,u
89,77,b
89,78,b
89,79,u
89,80,u
89,81,u
89,82,u
89,83,u
89,84,u
89,85,u
89,86,b
89,87,u
89,88,u
89,89,b
89,90,b
89,91,u
89,92,u
89,93,u
89,94,u
89,95,b
89,96,b
89,97,u
89,98,u
89,99,u
89,100,u
90,0,u
90,1,b
90,2,u
90,3,u
90,4,u
90,5,u
90,6,b
90,7,u
90,8,u
90,9,u
90,10,u
90,11,u
90,12,b
90,13,u
90,14,u
90,15,u
90,16,u
90,17,u
90,18,u
90,19,u
90,20,u
90,21,u
90,22,u
90,23,b
90,24,u
90,25,u
90,26,u
90,27,b
90,28,u
90,29,b
90,30,u
90,31,b
90,32,u
90,33,u
90,34,u
90,35,u
90,36,u
90,37,u
90,38,u
90,39,u
90,40,u
90,41,u
90,42,u
90,43,u
90,44,u
90,45,u
90,46,u
90,47,b
90,48,u
90,49,u
90,50,u
90,51,u
90,52,b
90,53,b
90,54,u
90,55,b
90,56,b
90,57,u
90,58,u
90,59,u
90,60,u
90,61,u
90,62,u
90,63,u
90,64,b
90,65,u
90,66,u
90,67,u
90,68,u
90,69,u
90,70,b
90,71,u
90,72,u
90,73,u
90,74,u
90,75,u
90,76,u
90,77,b
90,78,b
90,79,u
90,80,b
90,81,u
90,82,u
90,83,b
90,84,u
90,85,u
90,86,u
90,87,b
90,88,b
90,89,u
90,90,u
90,91,u
90,92,b
90,93,u
90,94,b
90,95,u
90,96,u
90,97,u
90,98,u
90,99,u
90,100,u
91,0,b
91,1,b
91,2,b
91,3,u
91,4,u
91,5,u
91,6,u
91,7,u
91,8,u
91,9,b
91,10,u
91,11,b
91,12,u
91,13,b
91,14,u
91,15,b
91,16,u
91,17,b
91,18,u
91,19,b
91,20,b
91,21,u
91,22,u
91,23,u
91,24,u
91,25,b
91,26,u
91,27,u
91,28,u
91,29,u
91,30,u
91,31,b
91,32,u
91,33,u
91,34,u
91,35,u
91,36,u
91,37,b
91,38,b
91,39,u
91,40,b
91,41,u
91,42,u
91,43,u
91,44,u
91,45,u
91,46,b
91,47,b
91,48,u
91,49,u
91,50,u
91,51,u
91,52,b
91,53,u
91,54,u
91,55,b
91,56,u
91,57,u
91,58,u
91,59,u
91,60,u
91,61,u
91,62,b
91,63,u
91,64,b
91,65,b
91,66,b
91,67,u
91,68,u
91,69,u
91,70,u
91,71,u
91,72,u
91,73,u
91,74,b
91,75,u
91,76,u
91,77,u
91,78,u
91,79,u
91,80,u
91,81,b
91,82,u
91,83,b
91,84,b
91,85,u
91,86,u
91,87,u
91,88,u
91,89,u
91,90,b
91,91,u
91,92,u
91,93,u
91,94,b
91,95,u
91,96,u
91,97,u
91,98,u
91,99,u
91,100,u
92,0,b
92,1,u
92,2,b
92,3,b
92,4,u
92,5,b
92,6,u
92,7,u
92,8,u
92,9,u
92,10,b
92,11,u
92,12,u
92,13,u
92,14,u
92,15,b
92,16,u
92,17,u
92,18,b
92,19,u
92,20,b
92,21,u
92,22,u
92,23,u
92,24,u
92,25,b
92,26,u
92,27,u
92,28,b
92,29,u
92,30,b
92,31,u
92,32,u
92,33,b
92,34,b
92,35,b
92,36,b
92,37,b
92,38,u
92,39,b
92,40,u
92,41,b
92,42,u
92,43,u
92,44,b
92,45,u
92,46,u
92,47,u
92,48,u
92,49,u
92,50,b
92,51,u
92,52,b
92,53,u
92,54,b
92,55,u
92,56,b
92,57,u
92,58,u
92,59,u
92,60,b
92,61,u
92,62,u
92,63,u
92,64,u
92,65,u
92,66,u
92,67,u
92,68,u
92,69,b
92,70,u
92,71,u
92,72,u
92,73,u
92,74,u
92,75,b
92,76,u
92,77,u
92,78,u
92,79,u
92,80,u
92,81,u
92,82,b
92,83,u
92,84,b
92,85,u
92,86,u
92,87,u
92,88,b
92,89,u
92,90,u
92,91,u
92,92,u
92,93,u
92,94,u
92,95,u
92,96,u
92,97,u
92,98,b
92,99,u
92,100,b
93,0,u
93,1,u
93,2,u
93,3,u
93,4,u
93,5,b
93,6,u
93,7,u
93,8,b
93,9,u
93,10,u
93,11,u
93,12,u
93,13,u
93,14,u
93,15,b
93,16,b
93,17,u
93,18,u
93,19,u
93,20,u
93,21,u
93,22,u
93,23,u
93,24,u
93,25,u
93,26,u
93,27,u
93,28,b
93,29,u
93,30,u
93,31,u
93,32,u
93,33,u
93,34,b
93,35,u
93,36,u
93,37,u
93,38,u
93,39,b
93,40,b
93,41,u
93,42,u
93,43,u
93,44,u
93,45,b
93,46,b
93,47,u
93,48,b
93,49,u
93,50,u
93,51,u
93,52,u
93,53,u
93,54,u
93,55,u
93,56,b
93,57,b
93,58,u
93,59,u
93,60,b
93,61,b
93,62,u
93,63,u
93,64,u
93,65,u
93,66,b
93,67,b
93,68,u
93,69,u
93,70,u
93,71,u
93,72,u
93,73,u
93,74,u
93,75,u
93,76,b
93,77,u
93,78,u
93,79,u
93,80,u
93,81,b
93,82,u
93,83,u
93,84,b
93,85,u
93,86,u
93,87,u
93,88,u
93,89,u
93,90,u
93,91,b
93,92,b
93,93,u
93,94,b
93,95,u
93,96,u
93,97,u
93,98,u
93,99,u
93,100,u
94,0,u
94,1,u
94,2,u
94,3,u
94,4,b
94,5,b
94,6,u
94,7,u
94,8,u
94,9,u
94,10,u
94,11,b
94,12,u
94,13,b
94,14,u
94,15,b
94,16,u
94,17,b
94,18,u
94,19,b
94,20,u
94,21,b
94,22,u
94,23,b
94,24,u
94,25,u
94,26,u
94,27,u
94,28,u
94,29,u
94,30,b
94,31,u
94,32,u
94,33,u
94,34,u
94,35,b
94,36,u
94,37,b
94,38,b
94,39,u
94,40,u
94,41,u
94,42,u
94,43,u
94,44,u
94,45,b
94,46,u
94,47,u
94,48,u
94,49,u
94,50,b
94,51,u
94,52,b
94,53,u
94,54,u
94,55,u
94,56,b
94,57,u
94,58,u
94,59,u
94,60,b
94,61,u
94,62,u
94,63,b
94,64,u
94,65,u
94,66,u
94,67,u
94,68,b
94,69,u
94,70,b
94,71,u
94,72,b
94,73,u
94,74,u
94,75,u
94,76,u
94,77,u
94,78,u
94,79,u
94,80,u
94,81,u
94,82,u
94,83,u
94,84,u
94,85,u
94,86,u
94,87,b
94,88,u
94,89,u
94,90,u
94,91,b
94,92,b
94,93,b
94,94,u
94,95,u
94,96,u
94,97,u
94,98,u
94,99,u
94,100,u
95,0,b
95,1,u
95,2,b
95,3,u
95,4,b
95,5,u
95,6,u
95,7,b
95,8,u
95,9,u
95,10,b
95,11,b
95,12,u
95,13,u
95,14,b
95,15,u
95,16,u
95,17,u
95,18,b
95,19,u
95,20,b
95,21,b
95,22,u
95,23,u
95,24,b
95,25,u
95,26,u
95,27,b
95,28,b
95,29,u
95,30,u
95,31,u
95,32,b
95,33,u
95,34,b
95,35,b
95,36,b
95,37,u
95,38,u
95,39,b
95,40,u
95,41,u
95,42,b
95,43,u
95,44,u
95,45,u
95,46,u
95,47,u
95,48,u
95,49,u
95,50,b
95,51,u
95,52,b
95,53,u
95,54,u
95,55,u
95,56,u
95,57,u
95,58,u
95,59,u
95,60,u
95,61,u
95,62,b
95,63,b
95,64,b
95,65,u
95,66,b
95,67,b
95,68,u
95,69,u
95,70,u
95,71,u
95,72,u
95,73,b
95,74,u
95,75,u
95,76,u
95,77,u
95,78,u
95,79,b
95,80,b
95,81,u
95,82,u
95,83,b
95,84,u
95,85,u
95,86,b
95,87,u
95,88,u
95,89,u
95,90,u
95,91,u
95,92,u
95,93,u
95,94,u
95,95,u
95,96,u
95,97,u
95,98,u
95,99,u
95,100,b
96,0,b
96,1,u
96,2,b
96,3,u
96,4,u
96,5,u
96,6,b
96,7,u
96,8,u
96,9,u
96,10,u
96,11,u
96,12,u
96,13,u
96,14,u
96,15,u
96,16,u
96,17,u
96,18,u
96,19,u
96,20,b
96,21,b
96,22,b
96,23,u
96,24,u
96,25,b
96,26,b
96,27,b
96,28,b
96,29,u
96,30,u
96,31,u
96,32,u
96,33,u
96,34,u
96,35,u
96,36,b
96,37,u
96,38,u
96,39,b
96,40,u
96,41,u
96,42,u
96,43,u
96,44,u
96,45,u
96,46,u
96,47,u
96,48,b
96,49,u
96,50,u
96,51,u
96,52,u
96,53,u
96,54,u
96,55,u
96,56,u
96,57,b
96,58,b
96,59,u
96,60,u
96,61,b
96,62,u
96,63,b
96,64,u
96,65,u
96,66,b
96,67,b
96,68,u
96,69,b
96,70,b
96,71,b
96,72,u
96,73,u
96,74,u
96,75,b
96,76,u
96,77,u
96,78,u
96,79,u
96,80,u
96,81,u
96,82,b
96,83,u
96,84,u
96,85,u
96,86,b
96,87,u
96,88,u
96,89,u
96,90,u
96,91,u
96,92,u
96,93,u
96,94,u
96,95,u
96,96,u
96,97,b
96,98,u
96,99,b
96,100,u
97,0,u
97,1,b
97,2,u
97,3,u
97,4,u
97,5,u
97,6,b
97,7,u
97,8,u
97,9,u
97,10,u
97,11,b
97,12,u
97,13,u
97,14,b
97,15,u
97,16,b
97,17,u
97,18,u
97,19,b
97,20,u
97,21,u
97,22,b
97,23,u
97,24,b
97,25,b
97,26,u
97,27,u
97,28,b
97,29,u
97,30,u
97,31,u
97,32,u
97,33,u
97,34,u
97,35,u
97,36,u
97,37,u
97,38,b
97,39,b
97,40,u
97,41,u
97,42,u
97,43,u
97,44,u
97,45,b
97,46,u
97,47,u
97,48,b
97,49,b
97,50,u
97,51,u
97,52,b
97,53,u
97,54,u
97,55,u
97,56,u
97,57,u
97,58,b
97,59,b
97,60,b
97,61,u
97,62,b
97,63,u
97,64,u
97,65,b
97,66,u
97,67,u
97,68,b
97,69,u
97,70,u
97,71,b
97,72,b
97,73,b
97,74,u
97,75,u
97,76,u
97,77,u
97,78,u
97,79,u
97,80,u
97,81,u
97,82,b
97,83,u
97,84,u
97,85,b
97,86,u
97,87,u
97,88,b
97,89,u
97,90,u
97,91,u
97,92,u
97,93,u
97,94,u
97,95,b
97,96,b
97,97,u
97,98,u
97,99,u
97,100,u
98,0,u
98,1,u
98,2,b
98,3,u
98,4,u
98,5,u
98,6,u
98,7,u
98,8,u
98,9,b
98,10,u
98,11,b
98,12,u
98,13,u
98,14,u
98,15,u
98,16,u
98,17,u
98,18,u
98,19,u
98,20,u
98,21,u
98,22,u
98,23,u
98,24,u
98,25,u
98,26,u
98,27,u
98,28,u
98,29,u
98,30,b
98,31,u
98,32,u
98,33,u
98,34,u
98,35,u
98,36,u
98,37,u
98,38,b
98,39,b
98,40,u
98,41,b
98,42,u
98,43,u
98,44,b
98,45,u
98,46,u
98,47,u
98,48,u
98,49,u
98,50,u
98,51,u
98,52,u
98,53,u
98,54,b
98,55,u
98,56,u
98,57,u
98,58,u
98,59,u
98,60,b
98,61,u
98,62,b
98,63,u
98,64,u
98,65,u
98,66,u
98,67,u
98,68,u
98,69,b
98,70,b
98,71,u
98,72,u
98,73,u
98,74,u
98,75,b
98,76,b
98,77,u
98,78,b
98,79,u
98,80,u
98,81,u
98,82,u
98,83,u
98,84,u
98,85,b
98,86,u
98,87,b
98,88,u
98,89,u
98,90,u
98,91,u
98,92,b
98,93,u
98,94,b
98,95,u
98,96,u
98,97,u
98,98,u
98,99,u
98,100,b
99,0,b
99,1,b
99,2,b
99,3,b
99,4,b
99,5,u
99,6,b
99,7,u
99,8,b
99,9,u
99,10,b
99,11,b
99,12,u
99,13,u
99,14,u
99,15,u
99,16,u
99,17,u
99,18,u
99,19,b
99,20,u
99,21,u
99,22,u
99,23,u
99,24,b
99,25,u
99,26,u
99,27,u
99,28,u
99,29,b
99,30,u
99,31,u
99,32,u
99,33,b
99,34,u
99,35,u
99,36,b
99,37,b
99,38,u
99,39,u
99,40,b
99,41,u
99,42,u
99,43,u
99,44,u
99,45,u
99,46,u
99,47,u
99,48,u
99,49,u
99,50,u
99,51,u
99,52,u
99,53,u
99,54,b
99,55,u
99,56,u
99,57,u
99,58,u
99,59,u
99,60,b
99,61,u
99,62,b
99,63,u
99,64,b
99,65,b
99,66,u
99,67,u
99,68,u
99,69,u
99,70,u
99,71,u
99,72,u
99,73,u
99,74,b
99,75,u
99,76,u
99,77,b
99,78,u
99,79,b
99,80,u
99,81,u
99,82,b
99,83,u
99,84,b
99,85,b
99,86,b
99,87,u
99,88,u
99,89,b
99,90,u
99,91,u
99,92,u
99,93,u
99,94,b
99,95,u
99,96,b
99,97,b
99,98,u
99,99,b
99,100,b
100,0,u
100,1,u
100,2,u
100,3,b
100,4,b
100,5,u
100,6,b
100,7,b
100,8,u
100,9,u
100,10,u
100,11,b
100,12,b
100,13,u
100,14,u
100,15,u
100,16,b
100,17,u
100,18,u
100,19,u
100,20,u
100,21,u
100,22,b
100,23,b
100,24,u
100,25,u
100,26,u
100,27,u
100,28,b
100,29,u
100,30,u
100,31,u
100,32,b
100,33,u
100,34,u
100,35,u
100,36,u
100,37,u
100,38,b
100,39,u
100,40,b
100,41,b
100,42,b
100,43,b
100,44,u
100,45,u
100,46,u
100,47,u
100,48,b
100,49,b
100,50,u
100,51,b
100,52,u
100,53,b
100,54,b
100,55,u
100,56,u
100,57,u
100,58,u
100,59,u
100,60,u
100,61,u
100,62,u
100,63,u
100,64,u
100,65,b
100,66,u
100,67,b
100,68,u
100,69,u
100,70,b
100,71,u
100,72,b
100,73,b
100,74,b
100,75,b
100,76,u
100,77,u
100,78,u
100,79,u
100,80,u
100,81,u
100,82,u
100,83,b
100,84,b
100,85,u
100,86,u
100,87,b
100,88,u
100,89,u
100,90,b
100,91,u
100,92,b
100,93,u
100,94,u
100,95,u
100,96,u
100,97,u
100,98,b
100,99,u
100,100,u
